GOBPID,Pvalue,OddsRatio,ExpCount,Count,Size,Term,enrichment,padj
GO:0019752,4.45E-07,3.546022917,8.78388123,26,1002,carboxylic acid metabolic process,0.425372807,0.000162287
GO:0043436,7.53E-07,3.439730872,9.029338989,26,1030,oxoacid metabolic process,0.40256009,0.000162287
GO:0032787,9.29E-07,4.074062804,5.715659244,20,652,monocarboxylic acid metabolic process,0.772799127,0.000162287
GO:0006082,1.49E-06,3.30461436,9.362460233,26,1068,organic acid metabolic process,0.374423123,0.000195349
GO:0016053,2.35E-06,5.584615866,2.638670908,13,301,organic acid biosynthetic process,2.356905553,0.000245866
GO:0008610,4.24E-06,3.659615385,6.311770944,20,720,lipid biosynthetic process,0.633719136,0.000348742
GO:0044273,4.66E-06,16.15215716,0.438317427,6,50,sulfur compound catabolic process,39.4224,0.000348742
GO:0034308,8.02E-06,10.97784525,0.727606928,7,83,primary alcohol metabolic process,16.69066628,0.000480482
GO:0044283,8.25E-06,3.611474126,6.031247791,19,688,small molecule biosynthetic process,0.659338663,0.000480482
GO:0046394,1.08E-05,5.20116103,2.586072817,12,295,carboxylic acid biosynthetic process,2.265004309,0.000563743
GO:0044281,1.51E-05,2.540581573,16.20897844,34,1849,small molecule metabolic process,0.163356686,0.000709956
GO:1901615,1.63E-05,3.877404536,4.66369742,16,532,organic hydroxy compound metabolic process,0.928599695,0.000709956
GO:0042445,3.91E-05,6.086321446,1.639307176,9,187,hormone metabolic process,4.227572993,0.001520736
GO:0006633,4.06E-05,6.989176944,1.271120537,8,145,fatty acid biosynthetic process,6.250083234,0.001520736
GO:0044272,4.80E-05,5.917890235,1.683138918,9,192,sulfur compound biosynthetic process,4.010253906,0.001677968
GO:0006790,7.38E-05,4.222107863,3.147119123,12,359,sulfur compound metabolic process,1.529410852,0.002279043
GO:0072330,7.39E-05,5.577902286,1.779568752,9,203,monocarboxylic acid biosynthetic process,3.587420224,0.002279043
GO:0044255,8.43E-05,2.77554741,9.055638035,22,1033,cellular lipid metabolic process,0.338652165,0.00245353
GO:0043062,0.000103386,4.06577381,3.261081654,12,372,extracellular structure organization,1.424384322,0.002587072
GO:0030198,0.000103386,4.06577381,3.261081654,12,372,extracellular matrix organization,1.424384322,0.002587072
GO:0042493,0.00010368,3.811349627,3.778296218,13,431,response to drug,1.149530849,0.002587072
GO:0045229,0.000108749,4.042719021,3.278614351,12,374,external encapsulating structure organization,1.409190998,0.0025902
GO:0044282,0.000124555,3.737575604,3.848427006,13,439,small molecule catabolic process,1.108016251,0.002815903
GO:0006629,0.000128973,2.48810405,12.07126193,26,1377,lipid metabolic process,0.22523573,0.002815903
GO:0033559,0.000145858,8.336590229,0.797737717,6,91,unsaturated fatty acid metabolic process,11.90146118,0.003057175
GO:0051604,0.00016647,4.50150563,2.437044892,10,278,protein maturation,2.125407588,0.003355004
GO:0120254,0.000174403,8.050654854,0.824036762,6,94,olefinic compound metabolic process,11.1539158,0.003384707
GO:0016101,0.000207193,7.78357236,0.850335808,6,97,diterpenoid metabolic process,10.47465193,0.003877474
GO:0001676,0.000219141,7.698415623,0.859102156,6,98,long-chain fatty acid metabolic process,10.26197418,0.003959658
GO:0006721,0.000287276,7.298969072,0.902933899,6,103,terpenoid metabolic process,9.289848242,0.005017749
GO:1903510,0.000352924,7.007887229,0.937999293,6,107,mucopolysaccharide metabolic process,8.60826273,0.005883133
GO:0008202,0.000359275,4.067389758,2.682502651,10,306,steroid metabolic process,1.754239822,0.005883133
GO:0034754,0.000429779,6.738983051,0.973064687,6,111,cellular hormone metabolic process,7.999026053,0.006824374
GO:0006631,0.000466722,3.64204146,3.296147048,11,376,fatty acid metabolic process,1.278052852,0.007193016
GO:0003008,0.000498739,2.258341871,13.1495228,26,1500,system process,0.189811556,0.007347644
GO:0042632,0.0005048,8.37394958,0.65747614,5,75,cholesterol homeostasis,14.60088889,0.007347644
GO:0009063,0.000519121,6.489814959,1.008130081,6,115,cellular amino acid catabolic process,7.452249527,0.007351881
GO:0055092,0.0005366,8.255414842,0.666242489,5,76,sterol homeostasis,14.21918283,0.007399437
GO:0006720,0.000709613,6.095119813,1.069494521,6,122,isoprenoid metabolic process,6.621607095,0.009534292
GO:0055088,0.001070742,5.607344633,1.157158006,6,132,lipid homeostasis,5.656336088,0.014026716
GO:0001523,0.001101384,6.971288515,0.780205019,5,89,retinoid metabolic process,10.36864032,0.014076223
GO:1901136,0.001375358,4.549309665,1.656839873,7,189,carbohydrate derivative catabolic process,3.218890849,0.017159232
GO:1901605,0.001505628,4.474566875,1.683138918,7,192,alpha-amino acid metabolic process,3.119086372,0.018347652
GO:0006066,0.002103584,3.183324001,3.383810534,10,386,alcohol metabolic process,1.102445703,0.025021482
GO:0030203,0.00220044,4.832249826,1.332484977,6,152,glycosaminoglycan metabolic process,4.265754848,0.025021482
GO:0046395,0.002209191,3.723056119,2.305549664,8,263,carboxylic acid catabolic process,1.899810609,0.025021482
GO:0006520,0.002244293,3.394193726,2.849063273,9,325,cellular amino acid metabolic process,1.399611834,0.025021482
GO:0007584,0.002638166,4.032186783,1.858465889,7,212,response to nutrient,2.558339267,0.028799975
GO:0006022,0.0028433,4.578582435,1.402615765,6,160,aminoglycan metabolic process,3.84984375,0.030405899
GO:0010001,0.002927569,3.953870691,1.893531283,7,216,glial cell differentiation,2.464463306,0.030680926
GO:0010817,0.003140587,2.83157355,4.18154825,11,477,regulation of hormone levels,0.794122947,0.032267991
GO:0016054,0.003246022,3.486054767,2.454577589,8,280,organic acid catabolic process,1.676122449,0.032709914
GO:0042221,0.003791215,1.681712975,34.81993637,49,3972,response to chemical,0.051016354,0.037482959
GO:0006694,0.006552448,3.823784083,1.665606221,6,190,steroid biosynthetic process,2.730083102,0.063583012
GO:0032501,0.006962597,1.584579977,53.92180983,68,6151,multicellular organismal process,0.029522238,0.066334565
GO:0051216,0.007231089,3.741345114,1.700671615,6,194,cartilage development,2.618662982,0.067662329
GO:1901700,0.008429866,1.829520295,14.46447508,24,1650,response to oxygen-containing compound,0.144802204,0.07749561
GO:0061448,0.008965998,3.179025179,2.33184871,7,266,connective tissue development,1.625049466,0.079728317
GO:0007601,0.008977043,4.165966387,1.271120537,5,145,visual perception,3.906302021,0.079728317
GO:0030258,0.009142086,3.166568047,2.340615058,7,267,lipid modification,1.612899606,0.079840881
GO:0016485,0.009358641,3.531726429,1.797101449,6,205,protein processing,2.345175491,0.079876663
GO:0007219,0.009572022,3.513813559,1.805867798,6,206,Notch signaling pathway,2.322462061,0.079876663
GO:1901565,0.009656429,1.87513504,12.23782255,21,1396,organonitrogen compound catabolic process,0.177002857,0.079876663
GO:0050953,0.009755928,4.077687019,1.297419583,5,148,sensory perception of light stimulus,3.749543462,0.079876663
GO:0016052,0.010009183,3.478519886,1.823400495,6,208,carbohydrate catabolic process,2.278014053,0.080689412
GO:1901564,0.010226921,1.544667454,54.6932485,68,6239,organonitrogen compound metabolic process,0.028695299,0.081195555
GO:0001501,0.012342672,2.42743874,4.374407918,10,499,skeletal system development,0.659676066,0.096530748
GO:1901135,0.013784873,1.924971368,9.520254507,17,1086,carbohydrate derivative metabolic process,0.236766955,0.106224611
GO:0050877,0.014309029,2.110968499,6.5747614,13,750,nervous system process,0.379623111,0.108665669
GO:0016051,0.016104396,3.117740113,2.025026511,6,231,carbohydrate biosynthetic process,1.846966886,0.119733776
GO:0042063,0.01622347,2.812990282,2.621138211,7,299,gliogenesis,1.286137739,0.119733776
GO:0006090,0.017318258,3.506884682,1.499045599,5,171,pyruvate metabolic process,2.808727472,0.126038431
GO:0005975,0.018194983,2.18124603,5.347472605,11,610,carbohydrate metabolic process,0.48558452,0.13060508
GO:0016125,0.018527216,3.44388643,1.525344645,5,174,sterol metabolic process,2.712709737,0.131192718
GO:0048839,0.019363421,3.403115632,1.542877342,5,176,inner ear development,2.651407541,0.135285766
GO:0072521,0.020621511,2.338689906,4.058819371,9,463,purine-containing compound metabolic process,0.689623966,0.142179889
GO:0050890,0.023979741,2.835517738,2.217886179,6,253,cognition,1.539720977,0.163186809
GO:0002244,0.024406901,3.194893342,1.639307176,5,187,hematopoietic progenitor cell differentiation,2.348651663,0.163964309
GO:0030324,0.027484084,3.091587699,1.691905267,5,193,lung development,2.204891406,0.182299493
GO:0030595,0.028019877,3.075007781,1.700671615,5,194,leukocyte chemotaxis,2.182219152,0.183530197
GO:0009150,0.02854976,2.324513486,3.611735596,8,412,purine ribonucleotide metabolic process,0.77415402,0.183704705
GO:0019318,0.028747683,2.712455656,2.314316013,6,264,hexose metabolic process,1.414084022,0.183704705
GO:0030323,0.029667026,3.026304272,1.726970661,5,197,respiratory tube development,2.116261692,0.187295441
GO:0046942,0.031108118,2.659921377,2.358147755,6,269,carboxylic acid transport,1.362004395,0.193413153
GO:0043583,0.031374271,2.979099332,1.753269707,5,200,ear development,2.05325,0.193413153
GO:0015711,0.031783986,2.429379391,3.015623895,7,344,organic anion transport,0.971656977,0.193660567
GO:0009887,0.032472149,1.788029446,8.915376458,15,1017,animal organ morphogenesis,0.238221619,0.195579377
GO:0050673,0.03343289,2.249896634,3.725698127,8,425,epithelial cell proliferation,0.727518339,0.197234028
GO:1901575,0.033499673,1.539707419,19.82071403,28,2261,organic substance catabolic process,0.089968137,0.197234028
GO:0009259,0.034636109,2.233333333,3.751997172,8,428,ribonucleotide metabolic process,0.717355228,0.201659123
GO:0060541,0.0388142,2.803962165,1.858465889,5,212,respiratory system development,1.82738519,0.223501545
GO:0019693,0.039299868,2.174573966,3.848427006,8,439,ribose phosphate metabolic process,0.681856155,0.223743627
GO:0005996,0.040070637,2.495338983,2.50717568,6,286,monosaccharide metabolic process,1.204899995,0.223743627
GO:0007600,0.040137216,2.303166005,3.173418169,7,362,sensory perception,0.877430481,0.223743627
GO:0006163,0.041095627,2.153943718,3.8834924,8,443,purine nucleotide metabolic process,0.669598316,0.226600069
GO:0007611,0.041514516,2.750009957,1.893531283,5,216,learning or memory,1.760330933,0.226600069
GO:0001944,0.042230893,1.838776832,6.87281725,12,784,vasculature development,0.320686693,0.228133896
GO:0008285,0.042675109,1.88937409,6.118911276,11,698,negative regulation of cell population proliferation,0.370863129,0.228181196
GO:0048705,0.043612868,2.710869394,1.919830329,5,219,skeletal system morphogenesis,1.712433018,0.230839825
GO:0006091,0.045146113,2.011826087,4.681230117,9,534,generation of precursor metabolites and energy,0.518432016,0.236565632
GO:0032496,0.047931411,2.382368254,2.621138211,6,299,response to lipopolysaccharide,1.102403776,0.247622065
GO:0033993,0.048492581,1.753155205,7.810816543,13,891,response to lipid,0.26897986,0.247622065
GO:0001666,0.048673803,2.201257862,3.313679745,7,378,response to hypoxia,0.804722712,0.247622065
GO:0006006,0.050286325,2.599766364,1.998727466,5,228,glucose metabolic process,1.579909203,0.251993486
GO:0055086,0.050494878,1.892815775,5.531565924,10,631,nucleobase-containing small molecule metabolic process,0.412546683,0.251993486
GO:0048731,0.05517619,1.372987615,38.2388123,47,4362,system development,0.040574984,0.27275777
GO:0002237,0.058837699,2.256376502,2.761399788,6,315,response to molecule of bacterial origin,0.993257748,0.288139758
GO:0036293,0.06021936,2.091102345,3.480240368,7,397,response to decreased oxygen levels,0.729539557,0.292175416
GO:0001568,0.062919156,1.759629161,6.539696006,11,746,blood vessel development,0.324673504,0.298852245
GO:0031667,0.063306487,1.958215861,4.251679039,8,485,response to nutrient levels,0.558648103,0.298852245
GO:0007423,0.063306487,1.958215861,4.251679039,8,485,sensory organ development,0.558648103,0.298852245
GO:0050896,0.064487438,1.343077402,66.12456698,75,7543,response to stimulus,0.021652341,0.301709084
GO:0048514,0.065979444,1.795760458,5.812089077,10,663,blood vessel morphogenesis,0.373684222,0.304296875
GO:0009056,0.066605084,1.406029029,23.82693531,31,2718,catabolic process,0.06892783,0.304296875
GO:0010033,0.067119263,1.384264592,27.50003535,35,3137,response to organic substance,0.058421247,0.304296875
GO:0051241,0.06736343,1.658125152,8.222834924,13,938,negative regulation of multicellular organismal process,0.242699842,0.304296875
GO:0009617,0.068886987,1.920675465,4.330576175,8,494,response to bacterium,0.538477929,0.305904927
GO:0010876,0.068886987,1.920675465,4.330576175,8,494,lipid localization,0.538477929,0.305904927
GO:0010038,0.075242207,2.109553159,2.945493107,6,336,response to metal ion,0.872980442,0.331318626
GO:0009743,0.079628418,2.259224002,2.288016967,5,261,response to carbohydrate,1.205648772,0.343522555
GO:0008283,0.079794724,1.445927602,16.147614,22,1842,cell population proliferation,0.106506288,0.343522555
GO:0070482,0.080085944,1.947020815,3.725698127,7,425,response to oxygen levels,0.636578547,0.343522555
GO:0060326,0.080636019,2.250269758,2.296783316,5,262,cell chemotaxis,1.19646291,0.343522555
GO:0006897,0.082939665,1.769038208,5.286108165,9,603,endocytosis,0.406574095,0.35048697
GO:0009991,0.083775087,1.83450991,4.523435843,8,516,response to extracellular stimulus,0.493540052,0.351185164
GO:0006869,0.085586638,1.913966817,3.787062566,7,432,lipid transport,0.616115826,0.355931733
GO:0045017,0.087880229,2.189489432,2.358147755,5,269,glycerolipid biosynthetic process,1.135003662,0.360881097
GO:0044248,0.088283303,1.383809867,20.82007777,27,2375,cellular catabolic process,0.078626393,0.360881097
GO:0035295,0.088842865,1.551458137,9.44135737,14,1077,tube development,0.198256962,0.360881097
GO:0030855,0.091032331,1.732458028,5.391304348,9,615,epithelial cell differentiation,0.390862582,0.36693032
GO:0048878,0.093521293,1.537364315,9.520254507,14,1086,chemical homeostasis,0.194984551,0.374085174
GO:0050678,0.099799693,1.946161515,3.182184517,6,363,regulation of epithelial cell proliferation,0.747945268,0.396174538
GO:0045765,0.102205179,2.084761703,2.472110286,5,282,regulation of angiogenesis,1.032769981,0.399668014
GO:0015980,0.102205179,2.084761703,2.472110286,5,282,energy derivation by oxidation of organic compounds,1.032769981,0.399668014
GO:0070848,0.105365567,1.627639531,6.373135384,10,727,response to growth factor,0.310787109,0.408974497
GO:1901342,0.106835462,2.054487275,2.50717568,5,286,regulation of vasculature development,1.004083329,0.41163075
GO:0048646,0.107899044,1.49794668,9.748179569,14,1112,anatomical structure formation involved in morphogenesis,0.185973164,0.412694154
GO:0034612,0.110375368,2.032341105,2.533474726,5,289,response to tumor necrosis factor,0.983345506,0.417062685
GO:0009117,0.111948478,1.708544625,4.83902439,8,552,nucleotide metabolic process,0.43126444,0.417062685
GO:0051674,0.112224883,1.407734741,14.16641923,19,1616,localization of cell,0.119509576,0.417062685
GO:0048870,0.112224883,1.407734741,14.16641923,19,1616,cell motility,0.119509576,0.417062685
GO:0001822,0.115183582,2.003530579,2.56854012,5,293,kidney development,0.956679752,0.422071306
GO:0008544,0.115183582,2.003530579,2.56854012,5,293,epidermis development,0.956679752,0.422071306
GO:0006753,0.116230053,1.692356008,4.882856133,8,557,nucleoside phosphate metabolic process,0.423556563,0.422948249
GO:0001525,0.119718778,1.679615888,4.917921527,8,561,angiogenesis,0.417538073,0.430078204
GO:0034097,0.11983095,1.468872987,9.923506539,14,1132,response to cytokine,0.179459726,0.430078204
GO:0009888,0.123485764,1.365941044,16.147614,21,1842,tissue development,0.101665093,0.433133168
GO:0072001,0.123836222,1.954992166,2.62990456,5,300,renal system development,0.912555556,0.433133168
GO:0009628,0.124319181,1.440059412,10.85273948,15,1238,response to abiotic stimulus,0.160761403,0.433133168
GO:0070887,0.124798918,1.294103746,27.19321315,33,3102,cellular response to chemical stimulus,0.056332908,0.433133168
GO:0072359,0.124815092,1.457532698,9.993637328,14,1140,circulatory system development,0.176949831,0.433133168
GO:0008015,0.135024662,1.691451207,4.260445387,7,486,blood circulation,0.486807567,0.465479756
GO:0044262,0.136706566,1.889516462,2.717568045,5,310,cellular carbohydrate metabolic process,0.854630593,0.468197649
GO:0042127,0.140522245,1.367260679,13.73686815,18,1567,regulation of cell population proliferation,0.120411046,0.478140625
GO:0015849,0.143358269,1.8583627,2.761399788,5,315,organic acid transport,0.82771479,0.484643438
GO:0014070,0.146002134,1.454447579,8.538423471,12,974,response to organic cyclic compound,0.20777589,0.490417424
GO:0010256,0.149770136,1.64171911,4.383174267,7,500,endomembrane system organization,0.459928,0.498012433
GO:0007275,0.150164054,1.232709141,42.06094026,48,4798,multicellular organism development,0.034249369,0.498012433
GO:0007155,0.152483748,1.371372836,12.12386002,16,1383,cell adhesion,0.137406552,0.502525056
GO:0046034,0.154288521,1.81055441,2.831530576,5,323,ATP metabolic process,0.787221194,0.505294906
GO:0022610,0.157108966,1.363631463,12.18522446,16,1390,biological adhesion,0.136026086,0.510957814
GO:0001654,0.158475649,1.793240661,2.857829622,5,326,eye development,0.772799127,0.510957814
GO:0048468,0.158942984,1.303980688,17.63789325,22,2012,cell development,0.089268564,0.510957814
GO:0003013,0.160753139,1.607891115,4.470837752,7,510,circulatory system process,0.442068435,0.513625884
GO:0009653,0.163546548,1.265628967,23.26588901,28,2654,anatomical structure morphogenesis,0.065296216,0.519384189
GO:0035239,0.168160847,1.432785031,7.916012725,11,903,tube morphogenesis,0.221589411,0.526081052
GO:0016477,0.168315933,1.334174789,13.22841994,17,1509,cell migration,0.122631562,0.526081052
GO:0050900,0.168667208,1.654731976,3.716931778,6,424,leukocyte migration,0.548215557,0.526081052
GO:0150063,0.171313394,1.743188184,2.936726759,5,335,visual system development,0.73183337,0.531172889
GO:0000902,0.17266986,1.382516763,9.713114175,13,1108,cell morphogenesis,0.173938472,0.532229452
GO:0048880,0.177147118,1.721808484,2.971792153,5,339,sensory system development,0.714664857,0.54046735
GO:0000904,0.178602034,1.438226459,7.153340403,10,816,cell morphogenesis involved in differentiation,0.246689975,0.54046735
GO:0046486,0.178927336,1.622702316,3.787062566,6,432,glycerolipid metabolic process,0.52809928,0.54046735
GO:0048856,0.179468166,1.203038112,45.60254507,51,5202,anatomical structure development,0.030957173,0.54046735
GO:0034330,0.182626749,1.460723215,6.329303641,9,722,cell junction organization,0.28359589,0.546652726
GO:0006928,0.184356001,1.271838199,18.01484624,22,2055,movement of cell or subcellular component,0.085571835,0.546652726
GO:0022603,0.18465178,1.38023338,8.959208201,12,1022,regulation of anatomical structure morphogenesis,0.188717108,0.546652726
GO:0001655,0.18753625,1.685600927,3.033156592,5,346,urogenital system development,0.686040295,0.552073007
GO:1901137,0.190462126,1.480658709,5.540332273,8,632,carbohydrate derivative biosynthetic process,0.328993751,0.556008161
GO:0090132,0.192056254,1.670534493,3.059455638,5,349,epithelium migration,0.674296599,0.556008161
GO:0010631,0.192056254,1.670534493,3.059455638,5,349,epithelial cell migration,0.674296599,0.556008161
GO:0044057,0.195792139,1.514023188,4.733828208,7,540,regulation of system process,0.394314129,0.563709236
GO:0042327,0.200402704,1.373426533,8.231601273,11,939,positive regulation of phosphorylation,0.204924233,0.57301746
GO:0090130,0.201212238,1.641176471,3.112053729,5,355,tissue migration,0.651696092,0.57301746
GO:0040011,0.217390716,1.253266575,15.67423118,19,1788,locomotion,0.097622605,0.615744516
GO:0001667,0.220922176,1.509179246,4.058819371,6,463,ameboidal-type cell migration,0.459749311,0.622382905
GO:1902533,0.225293152,1.33334261,8.459526334,11,965,positive regulation of intracellular signal transduction,0.194030444,0.631302737
GO:0010243,0.226770392,1.3140965,9.371226582,12,1069,response to organonitrogen compound,0.172487511,0.632062157
GO:0016310,0.230722509,1.221641318,18.63725698,22,2126,phosphorylation,0.079951751,0.639675105
GO:0030334,0.233199182,1.321444998,8.529657123,11,973,regulation of cell migration,0.190852926,0.643138797
GO:1901652,0.24145321,1.414447298,5.049416755,7,576,response to peptide,0.346565152,0.662416138
GO:0007169,0.245036989,1.344950093,6.837751856,9,780,transmembrane receptor protein tyrosine kinase signaling pathway,0.242988166,0.668746782
GO:0022008,0.249270461,1.232524065,14.18395193,17,1618,neurogenesis,0.106665434,0.67641622
GO:0051239,0.250428906,1.190873266,21.72301166,25,2478,regulation of multicellular organismal process,0.066875836,0.67641622
GO:0048869,0.254284294,1.160183003,33.29459173,37,3798,cellular developmental process,0.04213312,0.678119057
GO:0030335,0.254724902,1.38898484,5.13708024,7,586,positive regulation of cell migration,0.334837913,0.678119057
GO:0040007,0.256522167,1.288315889,8.731283139,11,996,growth,0.182140207,0.678119057
GO:0006793,0.256605652,1.171453074,26.57956875,30,3032,phosphorus metabolic process,0.053603689,0.678119057
GO:0009611,0.258767797,1.348872485,6.048780488,8,690,response to wounding,0.276009242,0.678119057
GO:0098609,0.258824067,1.323138431,6.942948038,9,792,cell-cell adhesion,0.23568067,0.678119057
GO:0045937,0.264826828,1.277152457,8.801413927,11,1004,positive regulation of phosphate metabolic process,0.179249139,0.684041597
GO:0010562,0.264826828,1.277152457,8.801413927,11,1004,positive regulation of phosphorus metabolic process,0.179249139,0.684041597
GO:0071363,0.265000848,1.338553431,6.09261223,8,695,cellular response to growth factor stimulus,0.272052171,0.684041597
GO:0032502,0.270570869,1.135963623,49.20551432,53,5613,developmental process,0.027632336,0.694995762
GO:0009896,0.274855233,1.39233514,4.383174267,6,500,positive regulation of catabolic process,0.394224,0.696220502
GO:0007610,0.274855233,1.39233514,4.383174267,6,500,behavior,0.394224,0.696220502
GO:2000147,0.275033672,1.35239863,5.268575468,7,601,positive regulation of cell motility,0.318332452,0.696220502
GO:0050808,0.280733965,1.434468524,3.541604807,5,404,synapse organization,0.503198216,0.703995159
GO:0052547,0.285816375,1.423449977,3.567903853,5,407,regulation of peptidase activity,0.4958074,0.703995159
GO:0009605,0.28594312,1.164440735,21.21456345,24,2420,response to external stimulus,0.067315074,0.703995159
GO:0048589,0.286522689,1.304565047,6.241640156,8,712,developmental growth,0.259216008,0.703995159
GO:2000145,0.288123582,1.247360391,8.994273595,11,1026,regulation of cell motility,0.171644457,0.703995159
GO:1901698,0.288726439,1.234151786,9.923506539,12,1132,response to nitrogen compound,0.153822622,0.703995159
GO:0048513,0.290164674,1.144272315,27.99971721,31,3194,animal organ development,0.049914151,0.703995159
GO:0040017,0.290196478,1.326721763,5.365005302,7,612,positive regulation of locomotion,0.306991969,0.703995159
GO:0051272,0.290196478,1.326721763,5.365005302,7,612,positive regulation of cellular component movement,0.306991969,0.703995159
GO:0043603,0.292835161,1.229378495,9.958571934,12,1136,cellular amide metabolic process,0.152741272,0.704895896
GO:0055085,0.293258216,1.209424583,11.82580417,14,1349,transmembrane transport,0.126367663,0.704895896
GO:0051093,0.29675394,1.268114164,7.223471191,9,824,negative regulation of developmental process,0.217730818,0.710041391
GO:0009967,0.300338485,1.18766226,13.77193355,16,1571,positive regulation of signal transduction,0.106487696,0.713243081
GO:0042692,0.301167141,1.391359463,3.64680099,5,416,muscle cell differentiation,0.474586261,0.713243081
GO:0019637,0.302175504,1.23035536,9.108236126,11,1039,organophosphate metabolic process,0.167376086,0.713243081
GO:0090407,0.304151961,1.304176221,5.452668788,7,622,organophosphate biosynthetic process,0.297200194,0.714688912
GO:0006796,0.308765906,1.13487639,26.30781195,29,3001,phosphate-containing compound metabolic process,0.052892954,0.722291672
GO:0071345,0.315312163,1.215035739,9.213432308,11,1051,cellular response to cytokine stimulus,0.163575807,0.734326992
GO:0001503,0.31837803,1.357312521,3.734464475,5,426,ossification,0.452566731,0.73818623
GO:0008284,0.326107114,1.229600456,7.433863556,9,848,positive regulation of cell population proliferation,0.205580834,0.752775892
GO:0040012,0.331930008,1.196376295,9.344927536,11,1066,regulation of locomotion,0.159004749,0.762324801
GO:0010035,0.333153396,1.289250669,4.716295511,6,538,response to inorganic substance,0.340501099,0.762324801
GO:0051179,0.33757765,1.096097771,54.21109933,57,6184,localization,0.024483174,0.768497004
GO:0010647,0.339531518,1.146886744,15.10441852,17,1723,positive regulation of cell communication,0.094061129,0.768497004
GO:0007399,0.340250582,1.128374728,19.91714387,22,2272,nervous system development,0.070006416,0.768497004
GO:0030154,0.345779399,1.102232868,32.62834924,35,3722,cell differentiation,0.041499907,0.771861469
GO:0023056,0.34585153,1.141550867,15.16578296,17,1730,positive regulation of signaling,0.09330148,0.771861469
GO:0062012,0.346159247,1.306078495,3.874726052,5,442,regulation of small molecule metabolic process,0.42039475,0.771861469
GO:0007167,0.352115936,1.174673606,9.50272181,11,1084,enzyme linked receptor protein signaling pathway,0.153767991,0.78181674
GO:0042325,0.361839682,1.142827564,12.43944857,14,1419,regulation of phosphorylation,0.114207615,0.798176689
GO:0042060,0.3629288,1.243040389,4.882856133,6,557,wound healing,0.317667422,0.798176689
GO:0061061,0.364053871,1.216979537,5.820855426,7,664,muscle structure development,0.260791661,0.798176689
GO:0051270,0.370238293,1.155984625,9.642983386,11,1100,regulation of cellular component movement,0.149327273,0.808353607
GO:0048584,0.372202989,1.110274991,18.32166843,20,2090,positive regulation of response to stimulus,0.075208901,0.809271228
GO:0051704,0.374924212,1.171506388,7.775751149,9,887,multi-organism process,0.187900133,0.811819367
GO:0065008,0.376892759,1.083804633,33.03160127,35,3768,regulation of biological quality,0.040492825,0.812723479
GO:0002694,0.382849417,1.244266265,4.058819371,5,463,regulation of leukocyte activation,0.383124426,0.81686624
GO:0048598,0.383409349,1.213216733,4.996818664,6,570,embryonic morphogenesis,0.303342567,0.81686624
GO:0022414,0.383490639,1.135412974,10.70371156,12,1221,reproductive process,0.132215307,0.81686624
GO:0000003,0.386771785,1.132337341,10.7300106,12,1224,reproduction,0.131567987,0.820519901
GO:0043009,0.388648533,1.184775165,5.969883351,7,681,chordate embryonic development,0.247933742,0.821176738
GO:0043408,0.394446574,1.177432368,6.004948745,7,685,regulation of MAPK cascade,0.245046619,0.826760019
GO:0050801,0.394446574,1.177432368,6.004948745,7,685,ion homeostasis,0.245046619,0.826760019
GO:0048732,0.398578819,1.219477084,4.137716508,5,472,gland development,0.368653045,0.832092833
GO:0044703,0.400519001,1.155041467,6.995546129,8,798,multi-organism reproductive process,0.206355488,0.832747133
GO:0098656,0.402070658,1.214097579,4.155249205,5,474,anion transmembrane transport,0.365548612,0.832747133
GO:0009792,0.408945779,1.159448917,6.09261223,7,695,embryo development ending in birth or egg hatching,0.23804565,0.843651923
GO:0030182,0.418724485,1.098352238,11.9572994,13,1364,neuron differentiation,0.11477477,0.860437765
GO:0048666,0.430943564,1.097817832,10.10759986,11,1153,neuron development,0.13591453,0.882087608
GO:0007507,0.433801731,1.145347515,5.277341817,6,602,heart development,0.271950641,0.884482907
GO:0006935,0.438504042,1.139356555,5.303640862,6,605,chemotaxis,0.269260296,0.890605109
GO:0042330,0.441635395,1.135395809,5.32117356,6,607,taxis,0.267488852,0.893501726
GO:1901566,0.447982956,1.065160955,15.14825027,16,1728,organonitrogen compound biosynthetic process,0.088016547,0.899403667
GO:0032879,0.447985414,1.052258065,23.03796394,24,2628,regulation of localization,0.057081101,0.899403667
GO:0048699,0.450383743,1.068766756,13.20212089,14,1506,generation of neurons,0.101393452,0.900767487
GO:0043410,0.454084305,1.13857968,4.418239661,5,504,positive regulation of MAPK cascade,0.32332609,0.904715498
GO:0001934,0.465185587,1.084931281,7.416330859,8,846,positive regulation of protein phosphorylation,0.183603552,0.923322907
GO:0050865,0.469484434,1.117663601,4.497136797,5,513,regulation of cell activation,0.31208083,0.928339032
GO:0044238,0.475403852,1.032580743,82.12315306,83,9368,primary metabolic process,0.015535175,0.933363036
GO:0060627,0.476288422,1.108603598,4.532202192,5,517,regulation of vesicle-mediated transport,0.307270408,0.933363036
GO:0009719,0.477885485,1.045399063,14.42940969,15,1646,response to endogenous stimulus,0.090941773,0.933363036
GO:0071704,0.480851579,1.031747396,86.19073878,87,9832,organic substance metabolic process,0.014783162,0.933363036
GO:0030155,0.480931335,1.076842008,6.530929657,7,745,regulation of cell adhesion,0.207165443,0.933363036
GO:0018193,0.48454934,1.047545844,11.51021562,12,1313,peptidyl-amino acid modification,0.114336163,0.934515134
GO:0007417,0.485091825,1.058833071,8.538423471,9,974,central nervous system development,0.155831917,0.934515134
GO:0032989,0.48783682,1.061988304,7.565358784,8,863,cellular component morphogenesis,0.176441286,0.936360784
GO:0031401,0.489703733,1.050034893,9.56408625,10,1091,positive regulation of protein modification process,0.138001027,0.936513709
GO:0032990,0.492277756,1.064652506,6.601060445,7,753,cell part morphogenesis,0.202786905,0.938012887
GO:0051247,0.496250381,1.033749335,13.59660657,14,1551,positive regulation of protein metabolic process,0.095595238,0.942156521
GO:0000165,0.498416969,1.051504375,7.635489572,8,871,MAPK cascade,0.173214999,0.942853761
GO:1901361,0.503403989,1.061371268,5.671827501,6,647,organic cyclic compound catabolic process,0.235436887,0.945365689
GO:0098771,0.504921394,1.05963884,5.680593849,6,648,inorganic ion homeostasis,0.234710791,0.945365689
GO:0001932,0.505157238,1.033455287,10.67741251,11,1218,regulation of protein phosphorylation,0.121795131,0.945365689
GO:0002376,0.519801754,1.009550687,23.81816896,24,2717,immune system process,0.05340277,0.969310032
GO:0008152,0.524571221,1.010975058,89.73234358,90,10236,metabolic process,0.01410957,0.974735177
GO:0030030,0.531450962,1.007899607,13.90342877,14,1586,cell projection organization,0.091422583,0.983955521
GO:0032270,0.53328887,1.007608293,12.91283139,13,1473,positive regulation of cellular protein metabolic process,0.098416899,0.983955521
GO:0001817,0.540971774,1.027162226,4.874089784,5,556,regulation of cytokine production,0.265675948,0.994628806
GO:0009058,0.547340747,0.993983938,50.178579,50,5724,biosynthetic process,0.025067012,0.999999768
GO:0042592,0.547909068,0.99504678,16.06871686,16,1833,homeostatic process,0.078221632,0.999999768
GO:0060322,0.550525613,1.004718209,6.969247084,7,795,head development,0.181926348,0.999999768
GO:0044093,0.55997078,0.986925724,16.18267939,16,1846,positive regulation of molecular function,0.077123798,0.999999768
GO:0019220,0.5620597,0.985946804,14.17518558,14,1617,regulation of phosphate metabolic process,0.087950804,0.999999768
GO:0007346,0.564155203,0.994507679,6.031247791,6,688,regulation of mitotic cell cycle,0.208212209,0.999999768
GO:0043207,0.564173492,0.986439899,10.12513256,10,1155,response to external biotic stimulus,0.123131126,0.999999768
GO:0051707,0.564173492,0.986439899,10.12513256,10,1155,response to other organism,0.123131126,0.999999768
GO:0051345,0.569336462,0.98613509,7.091975963,7,809,positive regulation of hydrolase activity,0.175684244,0.999999768
GO:0009790,0.569412545,0.982953494,9.14330152,9,1043,embryo development,0.135895699,0.999999768
GO:0051174,0.569851093,0.980418712,14.24531637,14,1625,regulation of phosphorus metabolic process,0.087086959,0.999999768
GO:0044237,0.578300293,0.982945786,85.4543655,85,9748,cellular metabolic process,0.014693312,0.999999768
GO:0043085,0.579870545,0.973254131,13.31608342,13,1519,positive regulation of catalytic activity,0.09254642,0.999999768
GO:0031175,0.582349548,0.971782817,9.239731354,9,1054,neuron projection development,0.133073968,0.999999768
GO:0048534,0.58287876,0.971901563,8.214068575,8,937,hematopoietic or lymphoid organ development,0.149672711,0.999999768
GO:0006508,0.590062879,0.96616533,14.42940969,14,1646,proteolysis,0.084878988,0.999999768
GO:0009607,0.610684114,0.948432581,10.49331919,10,1197,response to biotic stimulus,0.114641938,0.999999768
GO:0043549,0.611978922,0.945688751,8.42446094,8,961,regulation of kinase activity,0.142290213,0.999999768
GO:0009966,0.617857606,0.954242493,25.93962531,25,2959,regulation of signal transduction,0.046900978,0.999999768
GO:0048858,0.619923962,0.936593267,6.381901732,6,728,cell projection morphogenesis,0.185960331,0.999999768
GO:0051130,0.622476136,0.938918666,10.58974903,10,1208,positive regulation of cellular component organization,0.112563594,0.999999768
GO:0002682,0.622942913,0.939794766,11.6329445,11,1327,regulation of immune system process,0.102608339,0.999999768
GO:0001816,0.624005315,0.93173137,5.347472605,5,610,cytokine production,0.220720236,0.999999768
GO:0010646,0.626592836,0.950952092,29.09551078,28,3319,regulation of cell communication,0.041751814,0.999999768
GO:0048583,0.630037062,0.950940775,33.19816189,32,3787,regulation of response to stimulus,0.036651452,0.999999768
GO:0009894,0.630098161,0.931210752,9.607917992,9,1096,regulation of catabolic process,0.123070289,0.999999768
GO:0055082,0.631918375,0.924435994,6.460798869,6,737,cellular chemical homeostasis,0.18144629,0.999999768
GO:0002520,0.643461604,0.91773399,8.661152351,8,988,immune system development,0.134619482,0.999999768
GO:0019439,0.64404668,0.909707987,5.470201485,5,624,aromatic compound catabolic process,0.210927227,0.999999768
GO:0060429,0.644296855,0.919280632,9.721880523,9,1109,epithelium development,0.120201873,0.999999768
GO:1901576,0.646699293,0.947762665,49.57370095,48,5655,organic substance biosynthetic process,0.024655161,0.999999768
GO:0034220,0.647531833,0.916567464,9.748179569,9,1112,ion transmembrane transport,0.119554177,0.999999768
GO:0019538,0.649188873,0.945872265,46.59314245,45,5315,protein metabolic process,0.026166028,0.999999768
GO:0023051,0.654991411,0.935661765,29.45493107,28,3360,regulation of signaling,0.040739087,0.999999768
GO:0051234,0.655864315,0.941472002,42.65705196,41,4866,establishment of localization,0.028442742,0.999999768
GO:0006810,0.65845238,0.939857597,41.68398727,40,4755,transport,0.029059676,0.999999768
GO:0051716,0.659947497,0.94270772,55.78904206,54,6364,cellular response to stimulus,0.021901065,0.999999768
GO:0055080,0.662061981,0.890131369,5.584164016,5,637,cation homeostasis,0.202405802,0.999999768
GO:0051049,0.665151287,0.91176703,14.10505479,13,1609,regulation of transport,0.082482741,0.999999768
GO:0010629,0.667645582,0.899720995,9.914740191,9,1131,negative regulation of gene expression,0.115571066,0.999999768
GO:0048667,0.668835265,0.882814664,5.627995758,5,642,cell morphogenesis involved in neuron differentiation,0.199265341,0.999999768
GO:0051094,0.671779155,0.89936921,11.01053376,10,1256,positive regulation of developmental process,0.104124407,0.999999768
GO:0071417,0.67419089,0.877043485,5.663061152,5,646,cellular response to organonitrogen compound,0.196805299,0.999999768
GO:0071702,0.677922224,0.917373769,23.5902439,22,2691,organic substance transport,0.049903052,0.999999768
GO:0071310,0.682101652,0.913649924,22.60841287,21,2579,cellular response to organic substance,0.051861901,0.999999768
GO:0048609,0.682118629,0.868520515,5.715659244,5,652,multicellular organismal reproductive process,0.193199782,0.999999768
GO:0061024,0.685208233,0.876402244,7.916012725,7,903,membrane organization,0.141011443,0.999999768
GO:0030097,0.685208233,0.876402244,7.916012725,7,903,hemopoiesis,0.141011443,0.999999768
GO:0051336,0.687378906,0.886854617,11.15079533,10,1272,regulation of hydrolase activity,0.101521399,0.999999768
GO:0032504,0.691206327,0.858774703,5.777023683,5,659,multicellular organism reproduction,0.189117184,0.999999768
GO:0006468,0.691439873,0.892783928,14.36804525,13,1639,protein phosphorylation,0.079490872,0.999999768
GO:0040008,0.702633535,0.846546764,5.85592082,5,668,regulation of growth,0.184055542,0.999999768
GO:0048729,0.703885308,0.845208565,5.864687169,5,669,tissue morphogenesis,0.183505712,0.999999768
GO:0033674,0.70513349,0.843874392,5.873453517,5,670,positive regulation of kinase activity,0.182958343,0.999999768
GO:0032101,0.707183514,0.855960512,8.091339696,7,923,regulation of response to external stimulus,0.134966646,0.999999768
GO:0035556,0.708636653,0.898997564,23.97596324,22,2735,intracellular signal transduction,0.048310312,0.999999768
GO:0031329,0.715690304,0.848031598,8.161470484,7,931,regulation of cellular catabolic process,0.132657099,0.999999768
GO:0050793,0.717946158,0.888214637,20.96910569,19,2392,regulation of developmental process,0.05454602,0.999999768
GO:1902531,0.718089049,0.876377953,15.70929657,14,1792,regulation of intracellular signal transduction,0.071611677,0.999999768
GO:0051240,0.718146991,0.862019915,11.44008484,10,1305,positive regulation of multicellular organismal process,0.096451902,0.999999768
GO:0002274,0.718626088,0.829459003,5.969883351,5,681,myeloid leukocyte activation,0.17709553,0.999999768
GO:0044249,0.718879624,0.912308158,48.66200071,46,5551,cellular biosynthetic process,0.024521509,0.999999768
GO:0120036,0.721078856,0.867711134,13.61413927,12,1553,plasma membrane bounded cell projection organization,0.081727865,0.999999768
GO:0031399,0.722999491,0.869721284,14.70116649,13,1677,regulation of protein modification process,0.075929239,0.999999768
GO:0072657,0.725801952,0.82179206,6.022481442,5,687,protein localization to membrane,0.174015666,0.999999768
GO:0003006,0.730672602,0.826067922,7.179639449,6,819,developmental process involved in reproduction,0.146931619,0.999999768
GO:0051338,0.733674313,0.838131591,9.415058324,8,1074,regulation of transferase activity,0.11392348,0.999999768
GO:1901699,0.735167887,0.811776885,6.09261223,5,695,cellular response to nitrogen compound,0.170032607,0.999999768
GO:0019221,0.735167887,0.811776885,6.09261223,5,695,cytokine-mediated signaling pathway,0.170032607,0.999999768
GO:2000026,0.735843664,0.847575212,11.61541181,10,1325,regulation of multicellular organismal development,0.093562122,0.999999768
GO:0065009,0.738339655,0.882465333,25.4136444,23,2899,regulation of molecular function,0.04495347,0.999999768
GO:0006820,0.742773866,0.878034252,24.43181336,22,2787,anion transport,0.046524377,0.999999768
GO:0006812,0.744170585,0.821329814,8.406928243,7,959,cation transport,0.125023785,0.999999768
GO:0045944,0.744960587,0.828034035,9.520254507,8,1086,positive regulation of transcription by RNA polymerase II,0.111419744,0.999999768
GO:0120035,0.745429081,0.800783833,6.171509367,5,704,regulation of plasma membrane bounded cell projection organization,0.165712971,0.999999768
GO:0045597,0.74554867,0.811222921,7.302368328,6,833,positive regulation of cell differentiation,0.142034245,0.999999768
GO:0009725,0.746127469,0.819482521,8.42446094,7,961,response to hormone,0.124503937,0.999999768
GO:0045321,0.747402598,0.832357929,10.64234712,9,1214,leukocyte activation,0.100308319,0.999999768
GO:0050790,0.749441943,0.865373257,20.3203959,18,2318,regulation of catalytic activity,0.055027206,0.999999768
GO:0030162,0.751004003,0.794798033,6.21534111,5,709,regulation of proteolysis,0.163383935,0.999999768
GO:0007165,0.751894249,0.892895571,44.13856486,41,5035,signal transduction,0.026565422,0.999999768
GO:0046903,0.75274867,0.838783884,12.877766,11,1469,secretion,0.083729965,0.999999768
GO:0010628,0.754805386,0.811264656,8.503358077,7,970,positive regulation of gene expression,0.122204273,0.999999768
GO:0002684,0.75682416,0.799906962,7.398798162,6,844,positive regulation of immune system process,0.138356057,0.999999768
GO:0051246,0.757491225,0.864668456,22.53828208,20,2571,regulation of protein metabolic process,0.049700146,0.999999768
GO:0045859,0.761829525,0.794860969,7.442629905,6,849,regulation of protein kinase activity,0.13673122,0.999999768
GO:0031344,0.761885492,0.783077937,6.303004595,5,719,regulation of cell projection organization,0.158870785,0.999999768
GO:0006807,0.764574428,0.891316915,78.33609049,75,8936,nitrogen compound metabolic process,0.015427898,0.999999768
GO:0007267,0.766857797,0.827367676,13.03556027,11,1487,cell-cell signaling,0.081715147,0.999999768
GO:0009057,0.778935475,0.817451185,13.17582185,11,1503,macromolecule catabolic process,0.07998463,0.999999768
GO:0051050,0.782038673,0.774305556,7.626723224,6,870,positive regulation of transport,0.130210067,0.999999768
GO:0023052,0.784715024,0.876743756,47.76783316,44,5449,signaling,0.024341699,0.999999768
GO:0007420,0.786555827,0.756245588,6.51339696,5,743,brain development,0.148773026,0.999999768
GO:0007166,0.787878376,0.846704702,24.03732768,21,2742,cell surface receptor signaling pathway,0.04587924,0.999999768
GO:0007154,0.797262881,0.869652062,48.00452457,44,5476,cell communication,0.024102252,0.999999768
GO:0051347,0.800020241,0.74138432,6.63612584,5,757,positive regulation of transferase activity,0.143321077,0.999999768
GO:1901701,0.808840963,0.768959541,10.186497,8,1162,cellular response to oxygen-containing compound,0.097321669,0.999999768
GO:0019725,0.816144503,0.738667718,7.968610817,6,909,cellular homeostasis,0.119276614,0.999999768
GO:0044087,0.817520923,0.7498845,9.14330152,7,1043,regulation of cellular component biogenesis,0.105696655,0.999999768
GO:0032268,0.819476741,0.815670686,21.33729233,18,2434,regulation of cellular protein metabolic process,0.049907197,0.999999768
GO:0044092,0.822080471,0.745222042,9.195899611,7,1049,negative regulation of molecular function,0.104490999,0.999999768
GO:0051128,0.823218582,0.812823648,21.39865677,18,2441,regulation of cellular component organization,0.049621372,0.999999768
GO:0030036,0.825805873,0.712295161,6.890349947,5,786,actin cytoskeleton organization,0.132940323,0.999999768
GO:0006887,0.839456632,0.713281378,8.231601273,6,939,exocytosis,0.111776855,0.999999768
GO:0016192,0.848276753,0.780318439,18.55835984,15,2117,vesicle-mediated transport,0.054977041,0.999999768
GO:0045055,0.854050981,0.679057425,7.205938494,5,822,regulated exocytosis,0.121550902,0.999999768
GO:0006955,0.858137123,0.754239024,15.39370802,12,1756,immune response,0.063924015,0.999999768
GO:0006811,0.859534173,0.804702746,29.57765995,25,3374,ion transport,0.036072951,0.999999768
GO:0060548,0.859701528,0.690246309,8.48582538,6,968,negative regulation of cell death,0.105179803,0.999999768
GO:0001775,0.86548902,0.722100656,12.09756098,9,1380,cell activation,0.077627599,0.999999768
GO:0098542,0.870711361,0.658479801,7.416330859,5,846,defense response to other organism,0.11475222,0.999999768
GO:0071495,0.875658441,0.711160463,12.2641216,9,1399,cellular response to endogenous stimulus,0.075533376,0.999999768
GO:0043066,0.876536993,0.651062778,7.495227996,5,855,negative regulation of apoptotic process,0.112349099,0.999999768
GO:0044419,0.881391777,0.73814283,16.94535171,13,1933,biological process involved in interspecies interaction between organisms,0.057149372,0.999999768
GO:0000278,0.883659767,0.677309119,10.03746907,7,1145,mitotic cell cycle,0.087703896,0.999999768
GO:0030029,0.88694157,0.637472982,7.644255921,5,872,actin filament-based process,0.108011215,0.999999768
GO:0043069,0.887529833,0.63669016,7.653022269,5,873,negative regulation of programmed cell death,0.107763909,0.999999768
GO:0006952,0.888300244,0.685297757,11.30858961,8,1290,defense response,0.078966408,0.999999768
GO:0045893,0.894150696,0.690153453,12.59724284,9,1437,"positive regulation of transcription, DNA-templated",0.07159139,0.999999768
GO:0044267,0.894736993,0.797381092,43.07783669,37,4914,cellular protein metabolic process,0.025168842,0.999999768
GO:0033365,0.895017553,0.646737869,9.011806292,6,1028,protein localization to organelle,0.093260307,0.999999768
GO:0042981,0.896408059,0.687472314,12.64107458,9,1442,regulation of apoptotic process,0.071095777,0.999999768
GO:0016043,0.896632953,0.804421791,52.39646518,46,5977,cellular component organization,0.021150622,0.999999768
GO:0031325,0.89674709,0.764585121,27.23704489,22,3107,positive regulation of cellular metabolic process,0.037434496,0.999999768
GO:0043067,0.909138235,0.671770335,12.90406504,9,1472,regulation of programmed cell death,0.068227382,0.999999768
GO:0032940,0.914159121,0.65265054,11.81703782,8,1348,secretion by cell,0.07231727,0.999999768
GO:0051173,0.915687777,0.73810851,25.58020502,20,2918,positive regulation of nitrogen compound metabolic process,0.038582578,0.999999768
GO:1901360,0.917452439,0.782699902,48.9863556,42,5588,organic cyclic compound metabolic process,0.022093693,0.999999768
GO:0045935,0.920217163,0.678152655,15.52520325,11,1771,positive regulation of nucleobase-containing compound metabolic process,0.057608608,0.999999768
GO:1903508,0.92543929,0.649871614,13.28978438,9,1516,positive regulation of nucleic acid-templated transcription,0.064324427,0.999999768
GO:1902680,0.925779056,0.649388767,13.29855072,9,1517,positive regulation of RNA biosynthetic process,0.06423965,0.999999768
GO:0006357,0.925973749,0.679375467,16.84892188,12,1922,regulation of transcription by RNA polymerase II,0.05335883,0.999999768
GO:0140352,0.928898166,0.631734133,12.16769176,8,1388,export from cell,0.068209187,0.999999768
GO:0033036,0.929728483,0.729652036,28.23640862,22,3221,macromolecule localization,0.03483157,0.999999768
GO:0010648,0.930579196,0.629204531,12.21152351,8,1393,negative regulation of cell communication,0.067720409,0.999999768
GO:0034613,0.930877083,0.680793038,18.15510781,13,2071,cellular protein localization,0.049786887,0.999999768
GO:0009893,0.931073925,0.734808806,30.4718275,24,3476,positive regulation of metabolic process,0.032627479,0.999999768
GO:0023057,0.931242027,0.628197797,12.2290562,8,1395,negative regulation of signaling,0.067526368,0.999999768
GO:0045595,0.934163984,0.637055722,13.52647579,9,1543,regulation of cell differentiation,0.062092976,0.999999768
GO:0070727,0.934217808,0.676167472,18.26030399,13,2083,cellular macromolecule localization,0.049214903,0.999999768
GO:0006950,0.938051943,0.729353995,31.83061152,25,3631,response to stress,0.031147223,0.999999768
GO:0071840,0.940022658,0.762471434,54.00947331,46,6161,cellular component organization or biogenesis,0.019906148,0.999999768
GO:0048518,0.941677257,0.75684319,49.97695299,42,5701,positive regulation of biological process,0.021226531,0.999999768
GO:0007010,0.942560426,0.610083301,12.5534111,8,1432,cytoskeleton organization,0.064081957,0.999999768
GO:0051726,0.94410992,0.591462282,11.35242135,7,1295,regulation of cell cycle,0.06856308,0.999999768
GO:0032269,0.944496706,0.548873511,8.78388123,5,1002,negative regulation of cellular protein metabolic process,0.081802463,0.999999768
GO:0009968,0.944682838,0.590452528,11.36995405,7,1297,negative regulation of signal transduction,0.068351792,0.999999768
GO:0030163,0.946371649,0.545338774,8.836479321,5,1008,protein catabolic process,0.080831522,0.999999768
GO:0051641,0.948238354,0.712459666,31.18190173,24,3557,cellular localization,0.031158413,0.999999768
GO:0010941,0.949512911,0.611862182,14.0173913,9,1599,regulation of cell death,0.057819909,0.999999768
GO:0048522,0.950458466,0.740679253,46.26002121,38,5277,positive regulation of cellular process,0.022415128,0.999999768
GO:0051254,0.951665218,0.607977812,14.09628844,9,1608,positive regulation of RNA metabolic process,0.057174482,0.999999768
GO:0048585,0.953510849,0.604561565,14.16641923,9,1616,negative regulation of response to stimulus,0.056609799,0.999999768
GO:1901362,0.955623898,0.710689671,34.82870272,27,3973,organic cyclic compound biosynthetic process,0.028096903,0.999999768
GO:0051248,0.957737368,0.522272127,9.195899611,5,1049,negative regulation of protein metabolic process,0.074636428,0.999999768
GO:0080134,0.958100703,0.564789889,11.83457052,7,1350,regulation of response to stress,0.063090261,0.999999768
GO:0043269,0.959449829,0.542274176,10.58974903,6,1208,regulation of ion transport,0.067538156,0.999999768
GO:0006366,0.962508501,0.620338983,18.2077059,12,2077,transcription by RNA polymerase II,0.04569199,0.999999768
GO:0022607,0.963738458,0.660936945,25.28214917,18,2884,cellular component assembly,0.035547889,0.999999768
GO:0010605,0.964897637,0.652942018,24.2038883,17,2761,negative regulation of macromolecule metabolic process,0.036630928,0.999999768
GO:0044403,0.965667071,0.503968038,9.50272181,5,1084,biological process involved in symbiotic interaction,0.069894541,0.999999768
GO:0031328,0.967559985,0.58805668,16.04241782,10,1830,positive regulation of cellular biosynthetic process,0.049048941,0.999999768
GO:0009891,0.971353942,0.578899824,16.26157653,10,1855,positive regulation of biosynthetic process,0.047735776,0.999999768
GO:0048519,0.973367092,0.697086917,44.63824673,35,5092,negative regulation of biological process,0.022172929,0.999999768
GO:0002252,0.974028249,0.481643324,9.905973842,5,1130,immune effector process,0.064319837,0.999999768
GO:0010557,0.975050879,0.556014074,15.2446801,9,1739,positive regulation of macromolecule biosynthetic process,0.048884949,0.999999768
GO:0009987,0.97670657,0.497381233,119.8535171,116,13672,cellular process,0.010193556,0.999999768
GO:0009892,0.977902784,0.628620781,26.2990456,18,3000,negative regulation of metabolic process,0.032852,0.999999768
GO:0071705,0.979270673,0.588555035,20.51325557,13,2340,nitrogen compound transport,0.038998101,0.999999768
GO:0045892,0.979605101,0.46409801,10.24786144,5,1169,"negative regulation of transcription, DNA-templated",0.060099769,0.999999768
GO:0065007,0.983004746,0.67890186,90.19696006,80,10289,biological regulation,0.012412963,0.999999768
GO:0010604,0.983388853,0.617641681,28.01724991,19,3196,positive regulation of macromolecule metabolic process,0.030554268,0.999999768
GO:1903507,0.984257948,0.446877506,10.60728172,5,1210,negative regulation of nucleic acid-templated transcription,0.056095895,0.999999768
GO:1902679,0.984358,0.446472121,10.61604807,5,1211,negative regulation of RNA biosynthetic process,0.056003289,0.999999768
GO:0006464,0.986459986,0.629968976,34.11862849,24,3892,cellular protein modification process,0.026025399,0.999999768
GO:0036211,0.986459986,0.629968976,34.11862849,24,3892,protein modification process,0.026025399,0.999999768
GO:0006915,0.986877734,0.515192701,16.28787557,9,1858,apoptotic process,0.042823574,0.999999768
GO:0048523,0.987003537,0.647536576,40.84241782,30,4659,negative regulation of cellular process,0.022702185,0.999999768
GO:0044085,0.987315577,0.597239107,27.36854012,18,3122,cellular component biogenesis,0.030334618,0.999999768
GO:0033043,0.989726311,0.42149039,11.18586073,5,1276,regulation of organelle organization,0.05044295,0.999999768
GO:0012501,0.991264214,0.492949777,16.91905267,9,1930,programmed cell death,0.039688045,0.999999768
GO:0007049,0.991511748,0.491466883,16.96288441,9,1935,cell cycle,0.039483204,0.999999768
GO:0051253,0.991899772,0.408723551,11.50144928,5,1312,negative regulation of RNA metabolic process,0.047712718,0.999999768
GO:0043412,0.994190904,0.590259067,35.74040297,24,4077,macromolecule modification,0.023717103,0.999999768
GO:2000113,0.994945582,0.385810097,12.11509367,5,1382,negative regulation of cellular macromolecule biosynthetic process,0.043001711,0.999999768
GO:0006725,0.995056934,0.614322283,47.10159067,34,5373,cellular aromatic compound metabolic process,0.019345371,0.999999768
GO:0022402,0.995214487,0.383338895,12.18522446,5,1390,cell cycle process,0.042508152,0.999999768
GO:0046907,0.99541151,0.446199915,16.52456698,8,1885,intracellular transport,0.036982741,0.999999768
GO:0045934,0.995562144,0.379987238,12.28165429,5,1401,negative regulation of nucleobase-containing compound metabolic process,0.041843264,0.999999768
GO:0034641,0.995686707,0.616807611,51.63379286,38,5890,cellular nitrogen compound metabolic process,0.017992223,0.999999768
GO:0043933,0.995971589,0.440499982,16.7086603,8,1906,protein-containing complex subunit organization,0.036172291,0.999999768
GO:0008104,0.996223602,0.511185559,24.62467303,14,2809,protein localization,0.029144484,0.999999768
GO:0008219,0.996229283,0.453632321,18.16387416,9,2072,cell death,0.034434583,0.999999768
GO:0010558,0.996316638,0.371980134,12.51834571,5,1428,negative regulation of macromolecule biosynthetic process,0.040275914,0.999999768
GO:0080090,0.99655671,0.600217463,47.77659951,34,5450,regulation of primary metabolic process,0.018802592,0.999999768
GO:0010467,0.996928163,0.591116841,45.81293743,32,5226,gene expression,0.019246111,0.999999768
GO:0051172,0.997045928,0.457696347,19.85577943,10,2265,negative regulation of nitrogen compound metabolic process,0.032018089,0.999999768
GO:0019438,0.997148239,0.547601911,33.53128314,21,3825,aromatic compound biosynthetic process,0.023576983,0.999999768
GO:0065003,0.997157494,0.386534262,14.3417462,6,1636,protein-containing complex assembly,0.036822771,0.999999768
GO:0018130,0.997163027,0.547404412,33.54004949,21,3826,heterocycle biosynthetic process,0.02356466,0.999999768
GO:0051171,0.997227277,0.587335862,45.99703075,32,5247,regulation of nitrogen compound metabolic process,0.019092362,0.999999768
GO:0031327,0.997475453,0.356844159,12.99172853,5,1482,negative regulation of cellular biosynthetic process,0.037394301,0.999999768
GO:0031324,0.997721958,0.460202296,21.55645104,11,2459,negative regulation of cellular metabolic process,0.029881848,0.999999768
GO:0050789,0.997958813,0.598151944,85.59462708,71,9764,regulation of biological process,0.012233046,0.999999768
GO:0009890,0.997988064,0.348385875,13.27225168,5,1514,negative regulation of biosynthetic process,0.035830269,0.999999768
GO:0034654,0.998078453,0.52767793,33.00530223,20,3765,nucleobase-containing compound biosynthetic process,0.023175646,0.999999768
GO:0006355,0.998278717,0.489659513,27.09678332,15,3091,"regulation of transcription, DNA-templated",0.02578844,0.999999768
GO:0042886,0.998506703,0.402035709,18.06744433,8,2061,amide transport,0.030936118,0.999999768
GO:0006351,0.998509333,0.49256289,28.56076352,16,3258,"transcription, DNA-templated",0.024759943,0.999999768
GO:1903506,0.998696689,0.480021497,27.51756805,15,3139,regulation of nucleic acid-templated transcription,0.025005782,0.999999768
GO:2001141,0.99871936,0.479428945,27.54386709,15,3142,regulation of RNA biosynthetic process,0.024958054,0.999999768
GO:0051649,0.998788265,0.459462623,25.08052315,13,2861,establishment of localization in cell,0.02608792,0.999999768
GO:0097659,0.998809598,0.484947001,28.90265111,16,3297,nucleic acid-templated transcription,0.02417764,0.999999768
GO:0032774,0.998883423,0.482831556,28.99908095,16,3308,RNA biosynthetic process,0.024017113,0.999999768
GO:0033554,0.998928083,0.390837392,18.50576175,8,2111,cellular response to stress,0.029488001,0.999999768
GO:0006996,0.999037825,0.50442258,34.10109579,20,3890,organelle organization,0.021710139,0.999999768
GO:0046483,0.999120978,0.546167357,46.85613291,31,5345,heterocycle metabolic process,0.017823709,0.999999768
GO:0010468,0.99913906,0.516369745,37.81802757,23,4314,regulation of gene expression,0.020300156,0.999999768
GO:0019222,0.99915696,0.560781642,54.50038883,38,6217,regulation of metabolic process,0.016149299,0.999999768
GO:2000112,0.999390201,0.471287129,31.13806999,17,3552,regulation of cellular macromolecule biosynthetic process,0.022132722,0.999999768
GO:0015833,0.999403951,0.354629067,17.80445387,7,2031,peptide transport,0.027874688,0.999999768
GO:0031323,0.999407827,0.539676473,49.68766349,33,5668,regulation of cellular metabolic process,0.016872758,0.999999768
GO:0044260,0.999418757,0.562188702,65.44955815,48,7466,cellular macromolecule metabolic process,0.014144809,0.999999768
GO:0060255,0.99947289,0.536326297,49.8717568,33,5689,regulation of macromolecule metabolic process,0.016748422,0.999999768
GO:0043170,0.999539339,0.558647495,73.72499116,56,8410,macromolecule metabolic process,0.013005524,0.999999768
GO:0010556,0.999605718,0.458708275,31.76924708,17,3624,regulation of macromolecule biosynthetic process,0.021262012,0.999999768
GO:0045184,0.999610666,0.342696491,18.33043478,7,2091,establishment of protein localization,0.026297944,0.999999768
GO:0031326,0.999617002,0.464763447,33.04913397,18,3770,regulation of cellular biosynthetic process,0.020802792,0.999999768
GO:0034645,0.999650836,0.490105688,39.19434429,23,4471,cellular macromolecule biosynthetic process,0.0188995,0.999999768
GO:0019219,0.999676286,0.453277449,32.04977024,17,3656,regulation of nucleobase-containing compound metabolic process,0.02089144,0.999999768
GO:0044271,0.999676715,0.488013832,39.30830682,23,4484,cellular nitrogen compound biosynthetic process,0.018790072,0.999999768
GO:0051252,0.999734341,0.432567181,29.79681866,15,3399,regulation of RNA metabolic process,0.021326557,0.999999768
GO:0009889,0.999763202,0.451839992,33.73290916,18,3848,regulation of biosynthetic process,0.019967983,0.999999768
GO:0015031,0.999777802,0.307950833,17.47133263,6,1993,protein transport,0.024812383,0.999999768
GO:0009059,0.999790281,0.476645414,39.93948392,23,4556,macromolecule biosynthetic process,0.018200873,0.999999768
GO:0006139,0.99988799,0.477850333,45.47981619,27,5188,nucleobase-containing compound metabolic process,0.016477664,0.999999768
GO:0050794,0.99991402,0.513656483,81.74620007,62,9325,regulation of cellular process,0.011711859,0.999999768
GO:0016070,0.999991762,0.373539161,36.82743019,17,4201,RNA metabolic process,0.01582251,0.999999768
GO:0090304,0.999999768,0.320492168,40.88624956,17,4664,nucleic acid metabolic process,0.012837003,0.999999768