bodyparts_coords,fishhead_x,fishhead_y,fishhead_likelihood,fishtail_x,fishtail_y,fishtail_likelihood,redlight_x,redlight_y,redlight_likelihood,fooddrop_x,fooddrop_y,fooddrop_likelihood,fishnum,recordingnum
0,626.5548095703125,481.010986328125,5.647540092468262e-5,644.083251953125,479.99554443359375,0.0019874870777130127,645.4990844726562,481.1759033203125,0.011839300394058228,3.4156064987182617,475.6808166503906,1.7702579498291016e-5,1,026
1,626.7416381835938,481.142333984375,5.558133125305176e-5,644.1778564453125,480.15631103515625,0.0016782581806182861,646.4469604492188,464.77197265625,0.010957181453704834,3.462658643722534,475.5985107421875,1.946091651916504e-5,1,026
2,69.89369201660156,345.24029541015625,0.32661545276641846,643.96923828125,479.9438171386719,0.0025676190853118896,645.4019165039062,480.9164733886719,0.014023452997207642,613.7515869140625,484.4678955078125,2.664327621459961e-5,1,026
3,73.41685485839844,342.1119384765625,0.7840937376022339,644.1760864257812,479.7633972167969,0.0019295215606689453,645.7454223632812,480.73321533203125,0.013521194458007812,69.37335205078125,335.83062744140625,3.534555435180664e-5,1,026
4,91.77394104003906,353.8765563964844,1.0,644.0807495117188,479.8804931640625,0.0017628073692321777,645.4778442382812,480.9422302246094,0.011461436748504639,71.623779296875,354.09185791015625,0.000244826078414917,1,026
5,93.80626678466797,355.41387939453125,1.0,644.2100830078125,479.8289794921875,0.0015808045864105225,645.71142578125,480.9261779785156,0.011502563953399658,74.20344543457031,356.3046569824219,0.0002688765525817871,1,026
6,87.50352478027344,343.5340881347656,0.9086703062057495,644.0267944335938,479.8490295410156,0.0024388134479522705,645.4859008789062,480.7606201171875,0.014805316925048828,613.8175048828125,484.4449462890625,2.5600194931030273e-5,1,026
7,81.84227752685547,346.85455322265625,0.9942408800125122,84.89105224609375,344.45037841796875,0.02220436930656433,530.1695556640625,207.00350952148438,1.0,526.4476928710938,207.15098571777344,0.0002818107604980469,1,026
8,86.3606185913086,336.20025634765625,0.42881494760513306,85.7978515625,337.0239562988281,0.2012091875076294,529.5765991210938,206.68150329589844,1.0,525.5650634765625,206.6853485107422,0.0002327561378479004,1,026
9,84.00263977050781,335.635498046875,0.6314653754234314,85.03038787841797,334.39434814453125,0.9193470478057861,530.337890625,206.84426879882812,1.0,526.05078125,206.8089599609375,0.00016394257545471191,1,026
10,87.29106903076172,334.71185302734375,0.9963595867156982,87.03767395019531,334.8902893066406,0.30877459049224854,529.7985229492188,206.6416015625,1.0,87.32129669189453,327.01007080078125,0.0003370940685272217,1,026
11,84.2165756225586,333.294921875,0.9992457628250122,84.6591796875,333.09381103515625,0.9810752868652344,529.7661743164062,206.1463623046875,1.0,525.7689819335938,205.62069702148438,0.00036969780921936035,1,026
12,99.07341766357422,337.2026672363281,0.9793715476989746,107.6136474609375,335.77001953125,0.0019884109497070312,529.3396606445312,206.12939453125,1.0,525.3004760742188,203.189453125,0.0002881288528442383,1,026
13,99.5406265258789,341.8082580566406,0.9999998807907104,125.63988494873047,324.59307861328125,0.07993218302726746,529.7781372070312,207.19044494628906,1.0,525.6449584960938,206.5858154296875,0.00024208426475524902,1,026
14,128.05677795410156,327.29833984375,0.9999154806137085,131.56712341308594,324.6269836425781,0.005929678678512573,529.6722412109375,206.428955078125,1.0,525.3805541992188,206.2852783203125,0.00028708577156066895,1,026
15,145.08155822753906,317.15350341796875,1.0,104.68438720703125,357.6231689453125,0.9962912797927856,529.5152587890625,206.91647338867188,1.0,146.7388916015625,309.53448486328125,0.00030496716499328613,1,026
16,159.7104949951172,314.759765625,0.999016523361206,162.09954833984375,312.37493896484375,0.999988317489624,529.8720703125,206.75830078125,1.0,159.17840576171875,317.3727722167969,0.00022304058074951172,1,026
17,172.90965270996094,311.0333557128906,1.0,118.49638366699219,355.8763732910156,0.30907687544822693,529.7880859375,206.28323364257812,1.0,525.4215698242188,206.14324951171875,0.00019085407257080078,1,026
18,194.77171325683594,300.9322814941406,1.0,116.95616149902344,351.9188537597656,0.9987459778785706,529.162109375,205.96995544433594,1.0,528.22265625,207.03041076660156,0.0003300607204437256,1,026
19,217.15036010742188,288.2021789550781,1.0,136.07296752929688,337.9458312988281,0.9999999403953552,529.6752319335938,207.1940155029297,1.0,526.6564331054688,206.99240112304688,0.00017637014389038086,1,026
20,225.1142120361328,285.41571044921875,1.0,144.06915283203125,335.18389892578125,0.9881798028945923,529.7217407226562,206.44342041015625,1.0,526.2884521484375,203.7415771484375,0.00026038289070129395,1,026
21,243.84600830078125,279.6228332519531,1.0,162.8933868408203,324.4939880371094,1.0,529.23388671875,206.24566650390625,1.0,524.9846801757812,206.2576446533203,0.00022801756858825684,1,026
22,256.2801818847656,278.1942138671875,1.0,178.48641967773438,319.7750549316406,1.0,529.9971313476562,207.11373901367188,1.0,525.84619140625,207.1370086669922,0.00022685527801513672,1,026
23,281.7855224609375,269.95037841796875,1.0,194.4766387939453,307.95904541015625,1.0,529.3839111328125,206.58924865722656,1.0,278.0310363769531,260.653076171875,0.00038760900497436523,1,026
24,303.6776428222656,266.7709045410156,0.9997457265853882,219.95773315429688,303.6556091308594,1.0,529.9860229492188,206.33824157714844,1.0,303.8162536621094,260.68017578125,0.0004048347473144531,1,026
25,315.7908630371094,265.4963684082031,0.9999996423721313,228.60910034179688,294.54559326171875,1.0,530.420166015625,206.6519012451172,1.0,526.2684326171875,206.6839599609375,0.00023132562637329102,1,026
26,331.5083312988281,269.0296325683594,1.0,250.28614807128906,290.44073486328125,1.0,529.3482666015625,207.66632080078125,1.0,326.70098876953125,261.11004638671875,0.00039315223693847656,1,026
27,348.6750183105469,269.20025634765625,0.999998927116394,275.3699035644531,275.10650634765625,1.0,530.0152587890625,206.7066650390625,1.0,526.0052490234375,206.7445526123047,0.00024712085723876953,1,026
28,360.9652404785156,269.2393493652344,0.9998559951782227,279.88690185546875,273.15521240234375,1.0,530.0179443359375,206.6830291748047,1.0,274.67242431640625,275.8645324707031,0.00020357966423034668,1,026
29,383.526611328125,264.14715576171875,0.9999998807907104,302.9666748046875,271.56060791015625,0.999980092048645,529.8924560546875,206.44903564453125,1.0,525.7796630859375,206.10655212402344,0.000361025333404541,1,026
30,410.0029296875,257.2701416015625,1.0,331.2041931152344,263.1681823730469,0.9996892213821411,530.4691772460938,206.39535522460938,1.0,526.2965698242188,206.15174865722656,0.00019884109497070312,1,026
31,467.40924072265625,263.2630920410156,0.012654393911361694,336.1814270019531,270.06768798828125,1.0,530.0577392578125,206.6951141357422,1.0,528.6069946289062,207.47784423828125,0.0003503262996673584,1,026
32,463.68035888671875,253.3750762939453,0.9999920129776001,350.07305908203125,257.7216491699219,1.0,529.3203735351562,206.67086791992188,1.0,525.3927001953125,206.45774841308594,0.0004483163356781006,1,026
33,462.4123229980469,252.62490844726562,0.9996024370193481,353.59698486328125,256.60064697265625,1.0,529.076416015625,206.47096252441406,1.0,525.2265625,203.23707580566406,0.00033169984817504883,1,026
34,415.7534484863281,237.09580993652344,0.999999463558197,356.9647216796875,260.32958984375,1.0,529.8484497070312,206.0348663330078,1.0,528.5213623046875,207.0869903564453,0.000367581844329834,1,026
35,463.8384094238281,253.48228454589844,0.9999992847442627,359.18133544921875,266.6073303222656,1.0,529.4667358398438,206.01844787597656,1.0,361.10498046875,267.7819519042969,0.0006602108478546143,1,026
36,418.4102478027344,227.9430389404297,1.0,360.4093933105469,262.8667297363281,1.0,529.8289184570312,206.5904083251953,1.0,526.1278686523438,203.51968383789062,0.00030797719955444336,1,026
37,418.62005615234375,207.4442138671875,1.0,361.2216491699219,252.9066162109375,0.9999741911888123,529.8081665039062,206.51002502441406,1.0,526.16845703125,203.43670654296875,0.00026613473892211914,1,026
38,416.9493103027344,195.07872009277344,1.0,363.2793273925781,259.0235290527344,1.0,529.7023315429688,205.9894256591797,1.0,526.1482543945312,202.51177978515625,0.0002568066120147705,1,026
39,416.8111877441406,192.11825561523438,1.0,362.7256774902344,261.5398254394531,1.0,529.495849609375,206.43014526367188,1.0,525.95703125,202.97573852539062,0.00032079219818115234,1,026
40,418.92095947265625,186.1295166015625,1.0,358.79058837890625,249.92324829101562,1.0,530.146484375,207.37782287597656,1.0,525.8882446289062,207.24647521972656,0.0002936720848083496,1,026
41,420.0157775878906,189.98451232910156,0.9999992847442627,360.68994140625,216.2309112548828,0.8823742866516113,529.3123779296875,206.8199005126953,1.0,526.0409545898438,206.3175506591797,0.0002987086772918701,1,026
42,422.6484069824219,186.4096221923828,0.9999997615814209,361.3704528808594,224.9943389892578,1.0,529.3383178710938,206.4624786376953,1.0,525.150634765625,205.77474975585938,0.00020292401313781738,1,026
43,423.6098937988281,184.03579711914062,1.0,360.29266357421875,220.7287139892578,1.0,529.870849609375,205.8572998046875,1.0,359.99322509765625,222.33042907714844,0.00043827295303344727,1,026
44,423.5822448730469,182.22906494140625,1.0,352.91827392578125,221.30885314941406,1.0,530.1968994140625,206.94329833984375,1.0,352.34735107421875,222.29615783691406,0.0002907216548919678,1,026
45,422.8633728027344,180.4722900390625,1.0,351.0145568847656,220.77957153320312,0.9999992251396179,530.0302734375,206.78280639648438,1.0,349.9944763183594,221.3380889892578,0.0004038810729980469,1,026
46,424.8373718261719,179.68142700195312,1.0,359.40283203125,218.46934509277344,1.0,530.615234375,206.8512420654297,1.0,527.0042724609375,203.99766540527344,0.00019758939743041992,1,026
47,425.74786376953125,178.46176147460938,1.0,351.04058837890625,218.94338989257812,1.0,530.2050170898438,206.59593200683594,1.0,352.36114501953125,220.08981323242188,0.0003180205821990967,1,026
48,425.0169677734375,175.01898193359375,1.0,353.3899841308594,214.8538055419922,0.9999999403953552,530.3226928710938,206.2861328125,1.0,526.9091796875,205.8505401611328,0.00019949674606323242,1,026
49,425.9501037597656,172.8482666015625,1.0,350.7125244140625,216.69293212890625,1.0,530.0545654296875,207.11724853515625,1.0,525.8314208984375,206.39097595214844,0.00018450617790222168,1,026
50,425.58477783203125,173.9966583251953,1.0,350.33892822265625,211.64935302734375,1.0,529.7421264648438,206.4479217529297,1.0,526.5505981445312,206.26918029785156,0.00026485323905944824,1,026
51,424.2325744628906,174.76756286621094,1.0,347.37689208984375,210.7305145263672,1.0,530.3179931640625,206.6159210205078,1.0,527.1148681640625,206.53602600097656,0.0002968013286590576,1,026
52,422.9792175292969,173.12704467773438,1.0,339.0721130371094,207.1257781982422,1.0,529.7183837890625,206.3736114501953,1.0,525.5298461914062,205.80154418945312,0.0002218484878540039,1,026
53,425.2235107421875,167.97984313964844,1.0,336.806640625,203.121826171875,1.0,530.3124389648438,206.62400817871094,1.0,527.1002197265625,206.13278198242188,0.00020417571067810059,1,026
54,428.84417724609375,164.45413208007812,1.0,644.1356201171875,479.9748229980469,0.0016148388385772705,530.1621704101562,207.0762481689453,1.0,528.77587890625,208.0592803955078,0.00021561980247497559,1,026
55,429.59930419921875,163.39244079589844,1.0,342.7801818847656,198.79502868652344,0.9999974370002747,530.400146484375,206.3245391845703,1.0,525.86962890625,205.62551879882812,0.00020712614059448242,1,026
56,425.5634460449219,165.81483459472656,1.0,341.06097412109375,196.24339294433594,0.9998850226402283,529.9496459960938,207.31463623046875,1.0,527.0474243164062,206.80186462402344,0.0002733170986175537,1,026
57,423.5815124511719,162.16078186035156,1.0,337.259765625,193.60385131835938,0.8541879653930664,529.885009765625,206.78707885742188,1.0,526.8616333007812,206.316650390625,0.00026550889015197754,1,026
58,434.06097412109375,160.77210998535156,0.9944689273834229,341.8510437011719,193.36862182617188,0.9999994039535522,529.9492797851562,207.0828399658203,1.0,337.5139465332031,193.90484619140625,0.00032332539558410645,1,026
59,426.9678955078125,159.62351989746094,1.0,343.0438232421875,186.58279418945312,0.9998514652252197,530.0817260742188,206.5545654296875,1.0,343.81500244140625,187.9034881591797,0.0002617835998535156,1,026
60,426.5274658203125,159.72923278808594,1.0,344.5614318847656,184.1699676513672,0.9999967813491821,529.09912109375,206.81985473632812,1.0,528.310546875,207.75804138183594,0.0004254281520843506,1,026
61,427.613037109375,158.1163787841797,1.0,341.9757080078125,183.532470703125,0.9989877939224243,528.9802856445312,206.721435546875,1.0,525.3733520507812,206.23422241210938,0.00024366378784179688,1,026
62,435.9857482910156,152.77586364746094,0.8858429193496704,346.2077941894531,178.50144958496094,1.0,529.6686401367188,206.43133544921875,1.0,526.5211791992188,206.1140899658203,0.00037741661071777344,1,026
63,435.30706787109375,151.76365661621094,0.346157431602478,347.7942199707031,179.12289428710938,1.0,529.4656372070312,206.7025909423828,1.0,526.2117309570312,206.2095489501953,0.00021782517433166504,1,026
64,471.4134521484375,159.0575714111328,0.05781960487365723,347.0865173339844,173.28392028808594,0.9807093143463135,529.0325927734375,206.85948181152344,1.0,525.665771484375,205.74378967285156,0.00024321675300598145,1,026
65,471.88580322265625,159.03163146972656,0.9670120477676392,349.1385498046875,174.7003936767578,0.9999999403953552,528.9547119140625,206.70120239257812,1.0,350.7486267089844,176.08702087402344,0.0005089938640594482,1,026
66,470.5260314941406,158.25448608398438,0.5944973230361938,346.6723327636719,171.91481018066406,0.9999935626983643,529.56787109375,206.80108642578125,1.0,346.1889953613281,173.82675170898438,0.0006155967712402344,1,026
67,430.5108642578125,150.79351806640625,1.0,340.6037902832031,165.56890869140625,0.9998806715011597,529.2705078125,206.80027770996094,1.0,525.3950805664062,203.29547119140625,0.00027939677238464355,1,026
68,431.1161804199219,151.126953125,1.0,339.700439453125,166.7429656982422,0.9997928142547607,530.0894775390625,206.90475463867188,1.0,526.0611572265625,206.51405334472656,0.0002669394016265869,1,026
69,432.3800354003906,143.7942657470703,0.9999984502792358,339.2518615722656,163.86544799804688,0.33228540420532227,529.2947998046875,207.25515747070312,1.0,526.468994140625,206.6122589111328,0.00018295645713806152,1,026
70,473.2915344238281,145.51611328125,0.00047597289085388184,350.2064208984375,163.33242797851562,1.0,528.3602294921875,207.33323669433594,1.0,527.5162963867188,207.92303466796875,0.00021180510520935059,1,026
71,353.8511962890625,164.8330841064453,0.0002460181713104248,348.0716247558594,163.165771484375,1.0,529.2730102539062,206.96604919433594,1.0,525.927978515625,207.024169921875,0.00031116604804992676,1,026
72,465.256591796875,133.6896514892578,0.0009764432907104492,345.40850830078125,153.71099853515625,0.9996919631958008,529.5367431640625,206.497314453125,1.0,525.7246704101562,206.23475646972656,0.0002682507038116455,1,026
73,469.66009521484375,127.03359985351562,0.2758605182170868,351.13909912109375,148.94358825683594,0.9956802129745483,529.877197265625,206.0837860107422,1.0,525.7954711914062,205.79269409179688,0.00019368529319763184,1,026
74,469.38116455078125,126.21598052978516,0.998457133769989,350.0286865234375,141.41653442382812,0.6865915656089783,529.169677734375,206.7858428955078,1.0,526.2532348632812,206.46011352539062,0.00026792287826538086,1,026
75,439.1251220703125,145.28488159179688,0.999788761138916,361.6535949707031,134.0277099609375,0.005012243986129761,529.5347900390625,206.9730682373047,1.0,525.5868530273438,206.51605224609375,0.000349193811416626,1,026
76,436.423583984375,147.26495361328125,1.0,358.5390930175781,117.6318359375,0.04971757531166077,529.0582275390625,206.15826416015625,1.0,525.2777099609375,205.46884155273438,0.0003216862678527832,1,026
77,435.7545471191406,148.7197265625,1.0,358.2651062011719,114.07930755615234,1.0,529.6520385742188,206.1740264892578,1.0,525.4931030273438,206.2675323486328,0.00025910139083862305,1,026
78,435.2547302246094,150.0986785888672,1.0,360.3365173339844,110.47786712646484,1.0,529.8504638671875,206.35386657714844,1.0,525.8876342773438,205.916015625,0.00032129883766174316,1,026
79,435.7445373535156,150.29046630859375,1.0,356.51129150390625,110.76480865478516,0.9999911785125732,529.336669921875,206.7266845703125,1.0,525.4365234375,206.2928009033203,0.00019034743309020996,1,026
80,437.2406921386719,150.2861785888672,1.0,349.2144470214844,105.10073852539062,1.0,529.4299926757812,206.78594970703125,1.0,528.4657592773438,207.5565185546875,0.000291973352432251,1,026
81,437.4833984375,150.56536865234375,1.0,348.6136474609375,100.01640319824219,1.0,529.4235229492188,206.975341796875,1.0,526.2604370117188,206.42880249023438,0.0002543926239013672,1,026
82,437.3725280761719,150.5846710205078,1.0,347.0042724609375,96.47810363769531,1.0,530.08544921875,206.45407104492188,1.0,525.8297729492188,206.46066284179688,0.00015181303024291992,1,026
83,437.3212890625,151.62521362304688,1.0,348.0078430175781,96.14706420898438,1.0,528.7435302734375,205.8821258544922,1.0,525.511962890625,205.23126220703125,0.000269085168838501,1,026
84,438.88037109375,151.7548065185547,1.0,344.6793212890625,91.71369171142578,1.0,529.013427734375,206.7811737060547,1.0,439.9336242675781,159.63470458984375,0.00027361512184143066,1,026
85,439.3905334472656,156.9500274658203,1.0,358.515380859375,97.47715759277344,0.999832034111023,528.4979248046875,206.27685546875,1.0,524.9820556640625,205.5568084716797,0.00027230381965637207,1,026
86,439.75054931640625,159.7464141845703,1.0,353.439697265625,96.82052612304688,1.0,528.8718872070312,206.3352508544922,1.0,525.1405639648438,205.94100952148438,0.0002582669258117676,1,026
87,438.4806823730469,163.72030639648438,1.0,343.7482604980469,86.81897735595703,0.9977820515632629,528.4038696289062,206.8562469482422,1.0,524.9881591796875,206.1708984375,0.00031569600105285645,1,026
88,438.9179992675781,165.88438415527344,1.0,360.4588317871094,99.13636016845703,0.2720940113067627,529.03369140625,206.86550903320312,1.0,526.0504760742188,206.2687225341797,0.00019928812980651855,1,026
89,438.2597961425781,165.57766723632812,1.0,352.4879455566406,96.60614776611328,0.006323128938674927,528.5499267578125,206.69117736816406,1.0,525.1846313476562,206.23951721191406,0.00026234984397888184,1,026
90,439.96282958984375,163.632080078125,1.0,644.1099243164062,479.9261779785156,0.0018378198146820068,529.5911865234375,206.31716918945312,1.0,526.3290405273438,206.19027709960938,0.00024208426475524902,1,026
91,440.8990478515625,162.43099975585938,1.0,361.9864807128906,105.42204284667969,0.24909016489982605,529.3709716796875,206.6336212158203,1.0,525.462158203125,205.88514709472656,0.00025010108947753906,1,026
92,441.04388427734375,161.56948852539062,1.0,363.0899658203125,102.77108764648438,0.03216776251792908,528.5315551757812,206.72088623046875,1.0,525.7860717773438,206.30462646484375,0.00029355287551879883,1,026
93,440.9397277832031,158.16439819335938,1.0,359.7705078125,99.3702392578125,0.0017341673374176025,528.7102661132812,206.84991455078125,1.0,524.855712890625,203.79306030273438,0.00025087594985961914,1,026
94,443.41705322265625,157.2671356201172,1.0,366.1576843261719,105.44039916992188,0.995274543762207,529.1127319335938,206.41783142089844,1.0,525.5435180664062,206.07989501953125,0.00032582879066467285,1,026
95,442.0167541503906,158.84388732910156,1.0,361.69769287109375,98.85223388671875,1.0,529.2216186523438,206.60423278808594,1.0,525.3491821289062,206.31202697753906,0.00025004148483276367,1,026
96,444.3659973144531,161.25660705566406,1.0,368.67681884765625,102.35137939453125,0.9999995231628418,528.9845581054688,206.8157196044922,1.0,524.92138671875,206.3392333984375,0.00027760863304138184,1,026
97,442.961181640625,164.1717529296875,1.0,369.9904479980469,98.90325927734375,1.0,528.8809204101562,206.2582244873047,1.0,369.430908203125,100.42874908447266,0.0005678534507751465,1,026
98,440.8417053222656,171.00051879882812,1.0,354.6938781738281,90.83068084716797,0.9999996423721313,529.0603637695312,206.56576538085938,1.0,525.3868408203125,206.08192443847656,0.0002575218677520752,1,026
99,440.8515625,169.90525817871094,1.0,361.8964538574219,88.01549530029297,0.9999465346336365,527.6238403320312,207.43258666992188,1.0,524.5869140625,207.04150390625,0.0003940463066101074,1,026
100,441.2908630371094,172.03538513183594,1.0,360.3998718261719,84.71315002441406,0.9726608991622925,528.9136962890625,206.15220642089844,1.0,524.851318359375,202.780517578125,0.00021842122077941895,1,026
101,440.2275390625,173.1822052001953,1.0,351.8066101074219,82.03125,0.4295283555984497,527.7381591796875,206.28402709960938,1.0,524.711181640625,205.60296630859375,0.00034049153327941895,1,026
102,433.5809326171875,178.3326416015625,1.0,644.0245971679688,479.9085388183594,0.0023092925548553467,528.7701416015625,206.77590942382812,1.0,524.889404296875,206.8546600341797,0.0002453327178955078,1,026
103,433.54571533203125,179.9937744140625,1.0,644.2708740234375,479.7707214355469,0.001285254955291748,528.7590942382812,206.7971954345703,1.0,524.8409423828125,206.73187255859375,0.00015586614608764648,1,026
104,430.9725036621094,178.68089294433594,1.0,644.1018676757812,479.78485107421875,0.002053290605545044,528.80322265625,206.86221313476562,1.0,526.1033325195312,206.67800903320312,0.00035578012466430664,1,026
105,432.62255859375,168.42799377441406,1.0,644.3025512695312,479.8230285644531,0.0012024939060211182,528.56787109375,207.0529327392578,1.0,525.7460327148438,206.43032836914062,0.00033795833587646484,1,026
106,432.4291076660156,163.30271911621094,1.0,360.1959228515625,71.20587921142578,0.9499832391738892,528.6843872070312,206.9789581298828,1.0,526.0582885742188,206.40835571289062,0.00033545494079589844,1,026
107,431.6247863769531,156.17108154296875,1.0,359.9322204589844,65.74271392822266,1.0,528.9005737304688,206.87942504882812,1.0,358.0599365234375,65.20293426513672,0.00036844611167907715,1,026
108,434.5782470703125,155.1636505126953,1.0,355.56842041015625,62.822364807128906,0.9928115606307983,529.3734741210938,205.97158813476562,1.0,430.05682373046875,161.71340942382812,0.00038355588912963867,1,026
109,431.7055969238281,142.94129943847656,1.0,361.28631591796875,67.11892700195312,1.0,529.478515625,206.46542358398438,1.0,525.5285034179688,206.1402587890625,0.0003103017807006836,1,026
110,431.9070129394531,139.50653076171875,1.0,360.11297607421875,60.627220153808594,1.0,528.6618041992188,206.59390258789062,1.0,525.4571533203125,205.86227416992188,0.0005425214767456055,1,026
111,433.2471923828125,141.2498016357422,1.0,363.5134582519531,64.5240249633789,1.0,529.3734130859375,206.83551025390625,1.0,525.3961181640625,206.34730529785156,0.0003414154052734375,1,026
112,433.0118408203125,139.23114013671875,1.0,366.60504150390625,62.12173843383789,1.0,529.6570434570312,205.7564697265625,1.0,525.7955322265625,202.43875122070312,0.00024247169494628906,1,026
113,434.9279479980469,138.8012237548828,1.0,359.1322021484375,52.04579162597656,0.8318032622337341,529.4317626953125,206.52000427246094,1.0,525.3378295898438,203.58897399902344,0.00021570920944213867,1,026
114,436.4808044433594,140.22763061523438,1.0,366.84417724609375,56.824737548828125,0.9999997615814209,529.4420166015625,206.52919006347656,1.0,428.4619140625,148.89364624023438,0.0006321072578430176,1,026
115,436.1535949707031,140.78541564941406,1.0,363.66204833984375,51.64806365966797,1.0,529.5071411132812,206.18417358398438,1.0,427.3306884765625,148.46005249023438,0.000367969274520874,1,026
116,435.7333068847656,140.00213623046875,1.0,359.40093994140625,47.738250732421875,0.9999997615814209,529.1629638671875,206.8311004638672,1.0,433.8911437988281,145.37313842773438,0.001091599464416504,1,026
117,435.3274841308594,137.90577697753906,1.0,361.114013671875,48.52014923095703,1.0,529.2932739257812,206.48019409179688,1.0,433.99395751953125,143.7519989013672,0.0008574724197387695,1,026
118,434.50762939453125,135.69805908203125,1.0,361.06817626953125,43.00414276123047,0.9999998807907104,529.337646484375,206.80752563476562,1.0,360.8432922363281,46.00634002685547,0.0006386637687683105,1,026
119,436.494384765625,134.7464141845703,1.0,354.6876220703125,41.180519104003906,1.0,529.6463012695312,206.82765197753906,1.0,434.8967590332031,145.22669982910156,0.00019553303718566895,1,026
120,436.8000183105469,133.51673889160156,1.0,351.4645690917969,41.3008918762207,0.9999847412109375,529.1694946289062,206.4210968017578,1.0,525.5675048828125,205.91744995117188,0.0002320706844329834,1,026
121,436.1738586425781,133.38816833496094,1.0,356.0295715332031,45.60540771484375,1.0,529.3170166015625,206.38555908203125,1.0,525.74267578125,205.74134826660156,0.00026032328605651855,1,026
122,434.99395751953125,132.20712280273438,1.0,360.2406311035156,45.85085678100586,1.0,529.089111328125,206.32081604003906,1.0,525.4414672851562,205.8357391357422,0.00020799040794372559,1,026
123,434.4656677246094,131.88726806640625,1.0,359.7191162109375,51.12854766845703,0.5034655928611755,529.8264770507812,206.0768280029297,1.0,525.8565063476562,205.69454956054688,0.0002638399600982666,1,026
124,432.6459655761719,132.20416259765625,1.0,365.0195007324219,54.12249755859375,0.9127299785614014,528.548583984375,206.44195556640625,1.0,525.1658325195312,205.4652862548828,0.0002670884132385254,1,026
125,432.2864990234375,132.49969482421875,1.0,365.1640930175781,50.339515686035156,1.0,528.8448486328125,206.81719970703125,1.0,525.3872680664062,205.9585723876953,0.00024574995040893555,1,026
126,431.7742919921875,133.72479248046875,1.0,367.8587646484375,52.087371826171875,0.06929948925971985,529.7808837890625,206.53173828125,1.0,525.8145751953125,205.90713500976562,0.0001932084560394287,1,026
127,432.1800842285156,136.4063720703125,1.0,369.9388122558594,55.65731430053711,1.0,529.4727172851562,206.4454803466797,1.0,528.1521606445312,207.5447235107422,0.00031623244285583496,1,026
128,427.8946533203125,139.69281005859375,1.0,360.451171875,53.56843185424805,0.9987104535102844,529.3045043945312,206.22877502441406,1.0,525.4603271484375,205.84457397460938,0.00021532177925109863,1,026
129,426.5173034667969,146.4703826904297,1.0,370.46337890625,68.42552185058594,1.0,528.9468994140625,206.5028076171875,1.0,525.284912109375,206.00729370117188,0.00023230910301208496,1,026
130,425.6441955566406,149.0509033203125,1.0,369.32366943359375,67.13327026367188,1.0,529.3680419921875,206.67263793945312,1.0,525.4241943359375,206.12208557128906,0.00033274292945861816,1,026
131,424.39923095703125,151.48524475097656,1.0,363.880615234375,66.60195922851562,1.0,528.9711303710938,206.63792419433594,1.0,525.3270874023438,206.08773803710938,0.0003482997417449951,1,026
132,425.3346862792969,155.31637573242188,1.0,366.3236083984375,72.32170104980469,1.0,529.2572631835938,205.52374267578125,1.0,526.0161743164062,205.4285125732422,0.00023120641708374023,1,026
133,423.8644104003906,157.47132873535156,1.0,366.0416259765625,69.0417251586914,1.0,529.0426635742188,206.71185302734375,1.0,525.3599243164062,206.06417846679688,0.00020751357078552246,1,026
134,425.0364685058594,159.77328491210938,1.0,355.6697998046875,72.55277252197266,0.012983441352844238,529.1281127929688,206.5828399658203,1.0,525.4634399414062,206.23370361328125,0.00029671192169189453,1,026
135,425.45025634765625,162.00608825683594,1.0,644.2051391601562,479.77166748046875,0.0010287165641784668,529.2249755859375,206.4534912109375,1.0,525.37255859375,205.92820739746094,0.0003934502601623535,1,026
136,424.96258544921875,163.6345672607422,1.0,353.97735595703125,76.58981323242188,0.5885915160179138,529.7567749023438,206.09979248046875,1.0,525.656982421875,202.28591918945312,0.0003331601619720459,1,026
137,424.8601989746094,164.32618713378906,1.0,351.2474365234375,77.58879852294922,0.8459164500236511,529.4569702148438,206.4345245361328,1.0,525.1873168945312,203.03785705566406,0.00024256110191345215,1,026
138,425.86676025390625,166.00091552734375,1.0,644.1121215820312,479.8763427734375,0.0017945170402526855,530.0048828125,205.75624084472656,1.0,526.2417602539062,202.89678955078125,0.0003242194652557373,1,026
139,424.3299255371094,172.3280792236328,1.0,347.35955810546875,83.56963348388672,0.999977707862854,529.3535766601562,206.3939208984375,1.0,525.4171752929688,205.90902709960938,0.00024184584617614746,1,026
140,425.2493591308594,177.05120849609375,1.0,345.6256408691406,94.02741241455078,0.003411322832107544,528.9711303710938,206.84515380859375,1.0,524.9521484375,204.22549438476562,0.00026175379753112793,1,026
141,424.1980285644531,179.44729614257812,1.0,644.1834716796875,479.8662109375,0.0016280114650726318,528.1639404296875,206.45626831054688,1.0,524.8482666015625,205.74169921875,0.000401228666305542,1,026
142,422.107666015625,181.55694580078125,1.0,336.776611328125,91.68061828613281,0.9999021291732788,528.1409301757812,206.7076873779297,1.0,525.4740600585938,206.61734008789062,0.00032082200050354004,1,026
143,421.4558410644531,190.27841186523438,1.0,644.20751953125,479.59918212890625,0.0016067922115325928,528.5643920898438,206.3505401611328,1.0,524.9739990234375,205.67745971679688,0.0003806948661804199,1,026
144,420.47027587890625,193.94760131835938,1.0,348.887451171875,106.39653778076172,0.9955859184265137,528.746826171875,206.62046813964844,1.0,524.6656494140625,203.5523223876953,0.0002734363079071045,1,026
145,419.1902770996094,198.02122497558594,1.0,348.33367919921875,109.55763244628906,0.0024074018001556396,528.3309936523438,206.43556213378906,1.0,525.8165893554688,206.43919372558594,0.0003523826599121094,1,026
146,418.5546875,200.0598602294922,1.0,339.8326110839844,113.91241455078125,0.004335761070251465,529.2327880859375,206.8250732421875,1.0,525.4090576171875,206.59193420410156,0.00028324127197265625,1,026
147,419.0103454589844,198.9341278076172,1.0,335.6886291503906,110.5003662109375,0.8991479873657227,529.275634765625,206.88426208496094,1.0,526.4625854492188,206.8272705078125,0.0002504587173461914,1,026
148,418.4108581542969,198.75369262695312,1.0,337.5763854980469,115.52120971679688,0.006829023361206055,528.279052734375,206.5701141357422,1.0,525.0844116210938,205.87425231933594,0.00023695826530456543,1,026
149,418.6754150390625,198.47792053222656,1.0,336.41619873046875,115.52748107910156,0.021098405122756958,528.68505859375,206.88687133789062,1.0,525.1337280273438,206.47640991210938,0.00025090575218200684,1,026
150,418.19000244140625,199.51950073242188,1.0,334.85552978515625,124.55425262451172,0.999997615814209,528.7286987304688,206.4482879638672,1.0,525.0897827148438,205.98060607910156,0.0002849698066711426,1,026
151,417.5592346191406,205.64964294433594,1.0,341.47467041015625,131.36671447753906,0.9999831914901733,529.0233764648438,206.27780151367188,1.0,525.3540649414062,205.79623413085938,0.0002575516700744629,1,026
152,417.3802490234375,208.66876220703125,1.0,342.3670959472656,134.10293579101562,0.914087176322937,528.5407104492188,206.23272705078125,1.0,525.3013305664062,205.6086883544922,0.00018683075904846191,1,026
153,417.3580322265625,214.3624725341797,1.0,344.77471923828125,139.7039794921875,0.9999066591262817,529.0108642578125,206.24200439453125,1.0,525.490478515625,206.1385498046875,0.00020068883895874023,1,026
154,417.29638671875,220.8685302734375,1.0,343.35858154296875,142.54100036621094,1.0,529.790283203125,207.27273559570312,1.0,525.8529052734375,207.0586395263672,0.00023868680000305176,1,026
155,417.3939208984375,223.88754272460938,1.0,341.5458679199219,147.3392791748047,1.0,529.8043212890625,206.5771942138672,1.0,525.7694702148438,206.7947998046875,0.00017964839935302734,1,026
156,417.3458251953125,230.42869567871094,1.0,340.6371154785156,153.59548950195312,1.0,528.807861328125,207.25534057617188,1.0,525.278076171875,206.8166046142578,0.00018405914306640625,1,026
157,417.36651611328125,239.01145935058594,1.0,340.565185546875,164.03375244140625,1.0,529.2685546875,207.14288330078125,1.0,525.3596801757812,206.86532592773438,0.0002300739288330078,1,026
158,417.7739562988281,244.86692810058594,1.0,342.3851623535156,170.50181579589844,0.9999999403953552,529.4320068359375,206.93161010742188,1.0,525.5198974609375,206.8159637451172,0.0001913607120513916,1,026
159,418.1841125488281,246.89248657226562,1.0,340.889892578125,173.01211547851562,1.0,529.9327392578125,206.5125732421875,1.0,525.7723999023438,206.2473907470703,0.0002626776695251465,1,026
160,419.2100524902344,249.1759490966797,1.0,338.69873046875,175.1002960205078,1.0,529.0469360351562,206.10658264160156,1.0,525.125244140625,206.04519653320312,0.00017747282981872559,1,026
161,418.9677734375,253.91566467285156,1.0,337.3998107910156,185.38917541503906,0.999836266040802,529.0321044921875,206.6101531982422,1.0,525.335693359375,206.33013916015625,0.0001747608184814453,1,026
162,419.0400695800781,255.04299926757812,1.0,336.27630615234375,187.35501098632812,0.9757059812545776,529.3799438476562,206.66656494140625,1.0,525.1646728515625,206.32192993164062,0.0001893937587738037,1,026
163,417.9873962402344,255.83984375,1.0,334.2312927246094,190.84710693359375,1.0,529.2796630859375,206.52145385742188,1.0,525.1878051757812,206.1575164794922,0.0002506673336029053,1,026
164,418.9411926269531,256.3050842285156,1.0,335.2593994140625,196.1371307373047,0.9999902248382568,529.2581787109375,206.85098266601562,1.0,525.4649658203125,206.5101318359375,0.0002695918083190918,1,026
165,419.1593933105469,258.1832580566406,1.0,337.6260681152344,201.86709594726562,1.0,529.9639892578125,206.55702209472656,1.0,525.8690795898438,206.3774871826172,0.0001989305019378662,1,026
166,419.9318542480469,260.5643310546875,1.0,334.53338623046875,202.53504943847656,1.0,529.4603881835938,206.87713623046875,1.0,525.9533081054688,206.4608612060547,0.0002689361572265625,1,026
167,420.42156982421875,261.0159606933594,1.0,338.9255676269531,208.51348876953125,1.0,528.1270141601562,206.82437133789062,1.0,524.8048706054688,205.76675415039062,0.00025597214698791504,1,026
168,423.6661071777344,257.75726318359375,1.0,338.24591064453125,211.0857696533203,1.0,528.9639282226562,206.5552215576172,1.0,525.5806274414062,206.11756896972656,0.00028336048126220703,1,026
169,425.3559875488281,254.1112060546875,1.0,340.7016906738281,219.8313751220703,0.9999290108680725,528.4658813476562,206.64439392089844,1.0,525.1873779296875,206.13270568847656,0.0002676546573638916,1,026
170,426.3034362792969,248.67706298828125,0.981197714805603,337.51312255859375,224.55996704101562,1.0,529.5379028320312,206.90057373046875,1.0,526.3360595703125,206.4183807373047,0.0002569258213043213,1,026
171,424.66070556640625,236.7402801513672,0.9998874664306641,335.9300231933594,225.5260772705078,0.999979555606842,528.89697265625,206.72044372558594,1.0,333.40802001953125,228.52517700195312,0.0006369948387145996,1,026
172,427.09429931640625,224.5094451904297,0.9999998211860657,340.53924560546875,241.8740997314453,0.9999992251396179,528.6524047851562,207.5483856201172,1.0,339.029296875,243.19847106933594,0.0004768073558807373,1,026
173,424.65869140625,220.01089477539062,1.0,336.616455078125,247.03738403320312,0.9999999403953552,529.230224609375,207.227783203125,1.0,527.63427734375,207.62425231933594,0.0002792775630950928,1,026
174,423.92657470703125,207.67782592773438,1.0,349.58428955078125,247.96609497070312,1.0,529.4380493164062,206.75283813476562,1.0,351.24761962890625,251.10955810546875,0.00037938356399536133,1,026
175,423.4957580566406,197.8793487548828,1.0,348.3493957519531,255.1628875732422,1.0,529.1477661132812,206.74656677246094,1.0,525.0037231445312,206.3603973388672,0.0002751648426055908,1,026
176,424.69891357421875,194.91671752929688,1.0,347.8714904785156,254.01589965820312,1.0,529.2342529296875,206.66395568847656,1.0,525.08544921875,206.4930419921875,0.00019371509552001953,1,026
177,423.83087158203125,190.8230438232422,0.9999969005584717,349.5970458984375,248.00233459472656,0.9999915957450867,530.1449584960938,207.0016632080078,1.0,351.5147705078125,253.16094970703125,0.0004093348979949951,1,026
178,424.82476806640625,188.4210662841797,1.0,354.6298828125,249.48880004882812,1.0,529.1578979492188,206.89463806152344,1.0,525.2704467773438,206.14202880859375,0.00019854307174682617,1,026
179,423.44000244140625,186.60426330566406,1.0,359.12225341796875,239.9292449951172,1.0,528.78857421875,206.06214904785156,1.0,528.0202026367188,207.16928100585938,0.0003089308738708496,1,026
180,420.89886474609375,180.05328369140625,1.0,353.9668273925781,230.9993133544922,1.0,529.1311645507812,207.15614318847656,1.0,527.6828002929688,206.32830810546875,0.00031259655952453613,1,026
181,427.4458312988281,172.8548126220703,0.9999985694885254,353.87890625,223.1551513671875,1.0,529.2077026367188,206.22825622558594,1.0,353.7237548828125,223.348876953125,0.000263214111328125,1,026
182,428.7274169921875,169.07550048828125,0.9998503923416138,353.04998779296875,216.18519592285156,1.0,530.2843627929688,207.35678100585938,1.0,528.2929077148438,208.73095703125,0.00023886561393737793,1,026
183,427.0644836425781,164.46844482421875,0.9999417066574097,351.9898986816406,212.2032928466797,1.0,530.1112670898438,206.65318298339844,1.0,528.4674072265625,207.66287231445312,0.0002097785472869873,1,026
184,353.17510986328125,197.14878845214844,0.8643866777420044,353.9715576171875,196.1656036376953,0.9999982714653015,529.0020141601562,206.83746337890625,1.0,528.0890502929688,207.37301635742188,0.00044992566108703613,1,026
185,349.03228759765625,194.4040985107422,0.043613433837890625,350.7069396972656,192.8969268798828,0.9999979138374329,529.9904174804688,207.1753387451172,1.0,525.9790649414062,206.67210388183594,0.00021693110466003418,1,026
186,527.0662231445312,210.33123779296875,0.00023624300956726074,352.7829895019531,190.23367309570312,1.0,529.0172729492188,206.75372314453125,1.0,351.78106689453125,189.49566650390625,0.0005481541156768799,1,026
187,442.4361267089844,167.78933715820312,0.0008538365364074707,352.1501770019531,186.10513305664062,1.0,528.9042358398438,207.0908203125,1.0,525.8423461914062,206.18389892578125,0.00021013617515563965,1,026
188,459.300537109375,168.4123992919922,0.12554049491882324,352.0014343261719,179.51011657714844,1.0,528.8156127929688,206.74588012695312,1.0,525.7250366210938,206.2837677001953,0.0002677440643310547,1,026
189,465.1200256347656,167.8543701171875,0.3423263430595398,347.152099609375,177.8686065673828,0.9999985694885254,530.1611938476562,207.322998046875,1.0,526.0015258789062,204.61961364746094,0.0002219676971435547,1,026
190,465.3392333984375,162.0345458984375,0.9994681477546692,351.41131591796875,171.9741973876953,0.9999988079071045,529.2213745117188,206.75619506835938,1.0,525.4176025390625,206.1185302734375,0.00027510523796081543,1,026
191,431.202392578125,177.39804077148438,0.9999954104423523,350.8778076171875,175.20281982421875,0.4064204692840576,528.765625,207.05007934570312,1.0,525.808837890625,206.26895141601562,0.00024956464767456055,1,026
192,429.18878173828125,181.53765869140625,0.999998927116394,353.7154235839844,162.08187866210938,0.9999985098838806,528.7865600585938,206.94200134277344,1.0,525.208251953125,206.5935821533203,0.0003502964973449707,1,026
193,426.6683654785156,183.66778564453125,1.0,349.85443115234375,159.906005859375,1.0,528.658203125,206.80967712402344,1.0,525.0457763671875,206.48545837402344,0.0002931654453277588,1,026
194,427.7842102050781,184.553466796875,1.0,345.88812255859375,159.83001708984375,1.0,527.4086303710938,206.6793975830078,1.0,527.5366821289062,207.6758270263672,0.000539630651473999,1,026
195,433.5367431640625,181.61248779296875,1.0,339.2235107421875,163.27552795410156,0.9999999403953552,528.6982421875,207.41014099121094,1.0,525.8829956054688,206.74639892578125,0.0004164278507232666,1,026
196,434.66766357421875,177.09693908691406,0.9999996423721313,339.96136474609375,156.24627685546875,1.0,529.1453247070312,206.36460876464844,1.0,526.2644653320312,206.04307556152344,0.0002943873405456543,1,026
197,437.5308837890625,176.67578125,0.8264032602310181,343.9483337402344,151.94607543945312,0.5747231841087341,528.7763671875,207.24819946289062,1.0,525.8939819335938,206.6651153564453,0.00027552247047424316,1,026
198,436.8081359863281,180.65475463867188,0.9459829330444336,351.8235778808594,154.8804473876953,0.054340213537216187,528.5123901367188,206.7532501220703,1.0,524.9661254882812,206.29632568359375,0.0003146529197692871,1,026
199,428.9468688964844,183.1875457763672,1.0,644.2125244140625,479.923828125,0.0013301968574523926,527.9405517578125,206.79925537109375,1.0,524.4395751953125,206.368896484375,0.0003178715705871582,1,026
200,427.01409912109375,185.93959045410156,1.0,351.9673767089844,154.9510040283203,0.884363055229187,528.7578735351562,206.80563354492188,1.0,525.9380493164062,206.15054321289062,0.0002779066562652588,1,026
201,426.13555908203125,187.49855041503906,1.0,352.41119384765625,153.91188049316406,1.0,528.6797485351562,206.4420623779297,1.0,524.8925170898438,206.10556030273438,0.0004858672618865967,1,026
202,427.5795593261719,193.07525634765625,1.0,336.470947265625,151.24624633789062,0.9999172687530518,528.5369262695312,206.76214599609375,1.0,524.7620849609375,206.31353759765625,0.000299304723739624,1,026
203,424.6629638671875,195.3958282470703,1.0,335.0504455566406,141.5847625732422,1.0,528.8942260742188,207.4123992919922,1.0,525.8301391601562,207.01712036132812,0.00029152631759643555,1,026
204,424.2189636230469,195.46128845214844,1.0,333.52947998046875,141.0860595703125,0.9999997615814209,528.2935791015625,206.43789672851562,1.0,524.8882446289062,205.95428466796875,0.00029975175857543945,1,026
205,424.81500244140625,195.66676330566406,1.0,334.33929443359375,138.2379913330078,1.0,529.2470092773438,206.84356689453125,1.0,525.4386596679688,206.3919677734375,0.0003231167793273926,1,026
206,425.6770935058594,192.21759033203125,1.0,337.8616943359375,144.68910217285156,0.26653894782066345,529.5589599609375,206.9394073486328,1.0,526.7410888671875,206.39572143554688,0.0003064274787902832,1,026
207,425.32135009765625,191.98020935058594,1.0,338.9179992675781,148.64974975585938,1.0,528.88916015625,206.52732849121094,1.0,525.1802978515625,206.1365509033203,0.00035330653190612793,1,026
208,431.5030212402344,188.68772888183594,0.003483802080154419,334.29168701171875,148.61001586914062,0.999997615814209,529.1957397460938,207.33352661132812,1.0,525.25634765625,206.86785888671875,0.00034186244010925293,1,026
209,470.6156005859375,167.43484497070312,0.9671895503997803,345.53948974609375,163.8040313720703,0.9974707961082458,528.8114624023438,207.10011291503906,1.0,526.1812133789062,206.32737731933594,0.0003382265567779541,1,026
210,428.9678955078125,190.93443298339844,1.0,343.7640686035156,166.71688842773438,1.0,528.229248046875,206.75125122070312,1.0,524.815673828125,206.29815673828125,0.00028327107429504395,1,026
211,428.3856506347656,189.8024139404297,1.0,334.4625244140625,168.2952880859375,0.36746615171432495,529.1692504882812,206.4447021484375,1.0,525.2982177734375,206.01400756835938,0.00030100345611572266,1,026
212,426.9837646484375,188.9988250732422,1.0,332.4383239746094,176.18572998046875,0.0025121867656707764,528.77392578125,206.3404998779297,1.0,524.97900390625,205.52586364746094,0.0002987980842590332,1,026
213,428.2259826660156,182.12890625,1.0,335.1504211425781,173.59738159179688,0.08248239755630493,529.5306396484375,206.7364501953125,1.0,528.8046264648438,207.34901428222656,0.0003044009208679199,1,026
214,469.27154541015625,175.6395721435547,0.0004877150058746338,343.6790771484375,177.94692993164062,0.9999984502792358,529.0463256835938,206.5357666015625,1.0,525.2772216796875,205.71839904785156,0.00022962689399719238,1,026
215,469.54193115234375,170.05543518066406,0.0194033682346344,341.7249755859375,178.2313690185547,0.9999883770942688,528.758544921875,206.62594604492188,1.0,525.5089721679688,206.22470092773438,0.0003546476364135742,1,026
216,430.2345275878906,171.92356872558594,1.0,341.8047180175781,175.1190643310547,0.9452226161956787,529.6859741210938,207.32879638671875,1.0,526.5062255859375,206.47439575195312,0.0002460181713104248,1,026
217,434.9332275390625,165.7097930908203,0.8291758298873901,348.4044189453125,171.99215698242188,0.9999331831932068,528.5501098632812,206.96783447265625,1.0,524.8678588867188,205.98910522460938,0.00021079182624816895,1,026
218,434.26971435546875,163.8660125732422,1.0,347.4688720703125,170.833740234375,0.924336314201355,528.977783203125,206.55856323242188,1.0,525.160888671875,206.0223846435547,0.000217437744140625,1,026
219,434.2029724121094,164.62916564941406,1.0,352.0119323730469,168.59561157226562,1.0,529.121337890625,206.27590942382812,1.0,524.8417358398438,203.3009490966797,0.00031316280364990234,1,026
220,433.2423400878906,162.17990112304688,1.0,348.03057861328125,161.28562927246094,0.7436681985855103,528.8023681640625,206.87225341796875,1.0,525.2303466796875,205.97837829589844,0.00032255053520202637,1,026
221,432.6064453125,160.67433166503906,1.0,343.8671569824219,165.4993133544922,0.8487014174461365,528.391845703125,206.5438995361328,1.0,525.1121826171875,205.53892517089844,0.00029534101486206055,1,026
222,436.47674560546875,159.61782836914062,0.9999998807907104,350.05938720703125,157.56678771972656,0.9997191429138184,528.775634765625,206.6556396484375,1.0,524.9530029296875,206.13099670410156,0.00031489133834838867,1,026
223,436.1302185058594,155.78257751464844,1.0,350.896728515625,152.48150634765625,0.027867048978805542,528.6685180664062,207.03416442871094,1.0,525.5470581054688,206.0544891357422,0.00032469630241394043,1,026
224,436.6597900390625,150.447021484375,0.9999998211860657,359.5600280761719,143.32215881347656,0.8708682060241699,529.14453125,206.88267517089844,1.0,526.3007202148438,206.2900848388672,0.00041154026985168457,1,026
225,438.24676513671875,154.6983642578125,1.0,357.9417419433594,142.47808837890625,0.01458314061164856,528.54052734375,207.2418975830078,1.0,526.0066528320312,206.9501495361328,0.0003274977207183838,1,026
226,438.5412902832031,155.39613342285156,0.9998741745948792,354.2437744140625,141.62677001953125,0.9906742572784424,529.4425659179688,206.71324157714844,1.0,525.6775512695312,206.4315185546875,0.0002008676528930664,1,026
227,439.6353759765625,158.98406982421875,1.0,368.16424560546875,133.37115478515625,0.13240650296211243,528.7612915039062,207.03805541992188,1.0,525.33203125,206.50653076171875,0.00029093027114868164,1,026
228,438.7843017578125,162.60133361816406,1.0,366.38427734375,120.48648071289062,0.9999994039535522,528.5308837890625,206.96078491210938,1.0,526.0842895507812,206.3798065185547,0.0002930164337158203,1,026
229,439.0992126464844,164.14675903320312,1.0,363.24725341796875,114.64786529541016,1.0,528.9287719726562,206.8411102294922,1.0,525.75634765625,206.46046447753906,0.00028964877128601074,1,026
230,438.9322814941406,163.53855895996094,1.0,361.7317199707031,117.06260681152344,1.0,527.9697875976562,206.44252014160156,1.0,523.752197265625,203.271240234375,0.00029346346855163574,1,026
231,439.81732177734375,160.46739196777344,1.0,356.37908935546875,110.94612884521484,1.0,529.1954345703125,206.77145385742188,1.0,525.35986328125,206.41168212890625,0.00020140409469604492,1,026
232,439.6580810546875,160.20138549804688,1.0,357.76220703125,108.25775909423828,0.9993360042572021,527.9501342773438,207.1995849609375,1.0,524.8539428710938,206.3048095703125,0.0004885196685791016,1,026
233,439.9837341308594,159.5079803466797,1.0,358.8766174316406,109.02046966552734,1.0,529.6673583984375,207.1472625732422,1.0,358.6755676269531,110.84295654296875,0.0005460679531097412,1,026
234,441.27850341796875,161.34036254882812,1.0,341.29766845703125,94.24662017822266,0.8557717800140381,527.7069091796875,206.301025390625,1.0,524.8899536132812,205.5511474609375,0.00026613473892211914,1,026
235,441.0426025390625,162.85552978515625,1.0,366.0198059082031,102.86771392822266,0.9999994039535522,528.4901733398438,206.9436492919922,1.0,525.0816040039062,206.4515380859375,0.000214308500289917,1,026
236,440.22821044921875,168.00999450683594,1.0,350.4111633300781,92.48052215576172,1.0,528.5393676757812,206.4028778076172,1.0,440.44512939453125,175.8019256591797,0.00020456314086914062,1,026
237,438.388916015625,173.6506805419922,1.0,364.11285400390625,108.81779479980469,0.004808574914932251,528.0489501953125,205.72715759277344,1.0,524.8877563476562,205.6442413330078,0.00019794702529907227,1,026
238,434.38494873046875,179.064697265625,1.0,375.1375732421875,90.19963073730469,1.0,527.9153442382812,206.85020446777344,1.0,524.6265258789062,206.3316650390625,0.0003026425838470459,1,026
239,430.88751220703125,176.1004180908203,1.0,644.2730102539062,479.792236328125,0.0013121962547302246,527.716552734375,206.1278839111328,1.0,525.0596313476562,205.80296325683594,0.000352710485458374,1,026
240,430.638916015625,172.91746520996094,1.0,644.048583984375,480.0995788574219,0.002077043056488037,529.3128051757812,206.18218994140625,1.0,525.492431640625,203.39657592773438,0.00024944543838500977,1,026
241,421.5215759277344,160.17674255371094,1.0,644.196533203125,479.9147644042969,0.0015294253826141357,528.8863525390625,207.2359161376953,1.0,525.9986572265625,206.44308471679688,0.0002822279930114746,1,026
242,420.9927978515625,149.53872680664062,1.0,644.1318969726562,479.97711181640625,0.0016465485095977783,528.489990234375,206.3257598876953,1.0,524.9798583984375,206.01573181152344,0.00027567148208618164,1,026
243,423.398681640625,148.1507568359375,1.0,369.36480712890625,66.31465911865234,0.10981288552284241,529.2174072265625,206.41160583496094,1.0,525.534423828125,205.89566040039062,0.00022146105766296387,1,026
244,426.7154235839844,142.0426483154297,1.0,368.9937744140625,72.06114196777344,0.014479994773864746,529.1353759765625,206.8767852783203,1.0,525.3089599609375,206.56813049316406,0.00024899840354919434,1,026
245,433.4547119140625,143.42738342285156,1.0,644.1500854492188,479.87164306640625,0.0017136633396148682,528.713134765625,206.8973846435547,1.0,525.6414794921875,206.4733123779297,0.0002962052822113037,1,026
246,434.5316162109375,148.871337890625,1.0,373.8171691894531,90.00495147705078,0.0353238582611084,529.21630859375,206.222900390625,1.0,525.3894653320312,205.9442901611328,0.000323563814163208,1,026
247,433.17022705078125,152.17428588867188,1.0,644.2655029296875,479.9254455566406,0.0011931061744689941,528.9644165039062,206.73773193359375,1.0,525.3346557617188,206.48867797851562,0.000258713960647583,1,026
248,430.8998107910156,158.31402587890625,1.0,383.6434631347656,95.899658203125,1.0,529.2847290039062,207.2171173095703,1.0,384.58050537109375,96.58263397216797,0.00036329030990600586,1,026
249,431.3377685546875,161.2084197998047,1.0,381.6703796386719,98.1325912475586,1.0,528.5514526367188,206.68006896972656,1.0,383.3736877441406,98.37287139892578,0.000759124755859375,1,026
250,429.81134033203125,165.9391632080078,1.0,378.6446838378906,102.09718322753906,0.0030503273010253906,529.1815185546875,207.39028930664062,0.9999999403953552,526.0076293945312,207.23680114746094,0.00042113661766052246,1,026
251,427.6993103027344,168.19638061523438,1.0,379.2293701171875,104.83094024658203,0.9999361038208008,645.7637939453125,480.7980041503906,0.012751340866088867,427.1732177734375,176.3216094970703,0.00039073824882507324,1,026
252,424.8448486328125,174.37278747558594,1.0,374.03369140625,101.14049530029297,1.0,645.55419921875,481.12322998046875,0.012942463159561157,369.582763671875,103.33656311035156,0.0001297593116760254,1,026
253,422.79034423828125,175.33547973632812,1.0,644.1746215820312,479.7205505371094,0.0017659366130828857,645.7120971679688,480.8444519042969,0.010904967784881592,408.6466369628906,183.01788330078125,4.076957702636719e-5,1,026
254,425.3478698730469,177.26483154296875,1.0,644.1666870117188,479.72381591796875,0.0019099414348602295,645.6403198242188,480.8242492675781,0.013678222894668579,408.8192443847656,185.15028381347656,2.6613473892211914e-5,1,026
255,424.8883972167969,179.11572265625,1.0,356.22711181640625,98.33391571044922,0.9999501705169678,646.3804321289062,464.4013366699219,0.012853831052780151,351.3708801269531,101.19055938720703,4.0143728256225586e-5,1,026
256,424.8676452636719,183.32713317871094,1.0,644.1066284179688,479.61737060546875,0.0021703243255615234,645.6278076171875,480.6607666015625,0.01419907808303833,425.851806640625,191.10076904296875,0.0002689957618713379,1,026
257,424.40216064453125,188.84780883789062,1.0,362.75714111328125,116.44535827636719,0.9607391357421875,645.6664428710938,481.0902404785156,0.011146456003189087,367.2198181152344,119.55846405029297,0.00023993849754333496,1,026
258,424.6376953125,198.85052490234375,1.0,364.6556701660156,114.19611358642578,0.9963343739509583,645.468505859375,481.1788330078125,0.01089620590209961,365.9512634277344,116.25857543945312,0.00010970234870910645,1,026
259,424.3285217285156,204.6519317626953,1.0,358.4369201660156,110.13796997070312,0.020953357219696045,645.6468505859375,480.5308837890625,0.016198068857192993,411.4295959472656,214.0332794189453,9.512901306152344e-5,1,026
260,423.9890441894531,208.23915100097656,1.0,365.48956298828125,119.76261138916016,0.9999934434890747,645.5410766601562,481.14013671875,0.012215346097946167,366.29229736328125,119.22112274169922,0.00010061264038085938,1,026
261,423.9056701660156,212.79779052734375,1.0,363.8011779785156,120.80299377441406,0.8656642436981201,645.7506713867188,480.67950439453125,0.01324009895324707,421.65380859375,223.2536163330078,2.6464462280273438e-5,1,026
262,423.0557556152344,217.6642303466797,1.0,361.1932678222656,130.7132110595703,0.015814661979675293,645.544921875,481.0281066894531,0.012054294347763062,424.0704650878906,224.908203125,0.00043335556983947754,1,026
263,423.6441955566406,220.8260955810547,1.0,644.205322265625,479.8892822265625,0.0015055835247039795,645.6900634765625,481.0198059082031,0.011093467473983765,411.1891784667969,229.49880981445312,0.0003489553928375244,1,026
264,423.9512634277344,224.050537109375,1.0,361.2777099609375,138.22021484375,0.9994791746139526,645.4303588867188,481.1724548339844,0.010392338037490845,409.2881164550781,231.78530883789062,7.778406143188477e-5,1,026
265,423.4330749511719,224.79437255859375,1.0,363.1173400878906,139.92042541503906,0.005790680646896362,646.4183349609375,464.7373352050781,0.01135474443435669,407.01275634765625,213.45748901367188,7.50422477722168e-5,1,026
266,423.6868896484375,230.89405822753906,1.0,366.4800109863281,140.43345642089844,1.0,645.6190185546875,481.0548095703125,0.011443346738815308,368.5885925292969,144.09500122070312,0.0003387331962585449,1,026
267,425.07421875,239.10667419433594,1.0,363.618896484375,143.70875549316406,1.0,646.40234375,464.6362609863281,0.011451154947280884,421.5377197265625,225.72900390625,0.00019860267639160156,1,026
268,423.7654113769531,241.80406188964844,1.0,364.50262451171875,145.65609741210938,0.9997090697288513,645.5272827148438,481.1771545410156,0.010806292295455933,433.8956604003906,252.43238830566406,6.830692291259766e-5,1,026
269,470.3580322265625,181.55160522460938,0.3254093527793884,361.5682678222656,193.06288146972656,0.9999986886978149,645.7935791015625,480.6552429199219,0.012301862239837646,361.0753173828125,192.87564086914062,0.0005821883678436279,1,026
270,428.5814208984375,182.84854125976562,1.0,365.14697265625,165.48471069335938,1.0,645.4825439453125,481.0828857421875,0.011195600032806396,426.28216552734375,191.87974548339844,0.00023186206817626953,1,026
271,426.6427001953125,190.3978271484375,1.0,365.20159912109375,163.41043090820312,1.0,645.6880493164062,480.8892822265625,0.011086881160736084,367.90008544921875,164.16958618164062,0.00013688206672668457,1,026
272,427.8509216308594,201.36380004882812,1.0,363.82952880859375,163.2665557861328,1.0,645.6351928710938,480.6329345703125,0.015724778175354004,367.782958984375,164.2471466064453,0.00019788742065429688,1,026
273,462.7560119628906,146.6841583251953,1.0,369.84149169921875,151.4067840576172,1.0,646.4591064453125,464.74609375,0.011313974857330322,426.7298278808594,223.17637634277344,0.0002855956554412842,1,026
274,465.0406188964844,139.91696166992188,1.0,371.929443359375,145.23095703125,1.0,645.5335693359375,480.6025085449219,0.01643592119216919,423.25299072265625,215.24517822265625,0.0005587339401245117,1,026
275,425.4871826171875,238.2872314453125,1.0,373.7159118652344,144.98309326171875,1.0,645.576416015625,481.1233825683594,0.010622888803482056,422.4218444824219,227.95790100097656,0.0004686117172241211,1,026
276,427.8957824707031,246.30502319335938,1.0,372.8848876953125,153.11367797851562,1.0,645.6355590820312,480.69171142578125,0.014739662408828735,370.1191711425781,160.16661071777344,0.0003935098648071289,1,026
277,426.7733459472656,246.67193603515625,1.0,372.3800354003906,153.33349609375,1.0,646.3380126953125,464.8246154785156,0.010663032531738281,369.40045166015625,159.70742797851562,0.00020653009414672852,1,026
278,422.8724365234375,235.56472778320312,1.0,644.1202392578125,479.78936767578125,0.002133965492248535,645.6265258789062,480.9043273925781,0.013106852769851685,422.0211486816406,240.54833984375,0.0006258785724639893,1,026
279,421.0286865234375,224.94960021972656,0.9982740879058838,644.1762084960938,479.8377990722656,0.0015609264373779297,645.6956176757812,480.9170227050781,0.011174052953720093,3.362323045730591,475.91998291015625,1.7076730728149414e-5,1,026
280,418.3998718261719,222.52108764648438,0.999768078327179,386.63037109375,208.60679626464844,0.7735395431518555,645.5264282226562,480.84881591796875,0.012782126665115356,378.9347229003906,211.18072509765625,2.4825334548950195e-5,1,026
281,424.9853515625,207.83328247070312,0.8062126040458679,644.161376953125,479.88348388671875,0.0017826855182647705,646.3824462890625,464.6747741699219,0.012682914733886719,422.0316467285156,198.9781951904297,4.366040229797363e-5,1,026
282,414.5353088378906,189.1144561767578,0.9999897480010986,390.3570861816406,237.82272338867188,0.9997708797454834,645.5443725585938,480.9407653808594,0.011792004108428955,415.4707946777344,192.877685546875,0.0007153153419494629,1,026
283,413.349853515625,183.72686767578125,0.9999998807907104,385.9394226074219,240.82623291015625,0.9997929930686951,645.7137451171875,480.7679748535156,0.013160467147827148,407.66033935546875,193.7171630859375,0.0001246929168701172,1,026
284,411.3730163574219,175.6100311279297,0.9999998211860657,391.2314147949219,243.08438110351562,1.0,645.4771118164062,481.10552978515625,0.010779887437820435,410.964111328125,179.29249572753906,0.00029224157333374023,1,026
285,410.5652160644531,167.3133544921875,1.0,392.0322265625,246.49356079101562,1.0,645.7764892578125,480.75274658203125,0.011908680200576782,388.4367370605469,245.7899169921875,8.058547973632812e-5,1,026
286,409.21856689453125,165.29974365234375,1.0,393.7557678222656,245.35446166992188,1.0,645.3900146484375,481.30419921875,0.010815083980560303,462.8470458984375,248.2472686767578,3.8057565689086914e-5,1,026
287,408.65850830078125,161.86004638671875,0.9999998807907104,393.3143615722656,245.6463623046875,1.0,645.684814453125,480.80535888671875,0.011314928531646729,408.28955078125,165.90438842773438,4.70280647277832e-5,1,026
288,409.2268371582031,161.24765014648438,1.0,394.0698547363281,247.2792510986328,1.0,645.3937377929688,481.2231140136719,0.01148107647895813,463.2164001464844,247.66961669921875,7.769465446472168e-5,1,026
289,408.9052429199219,162.55886840820312,1.0,394.813232421875,248.91293334960938,1.0,645.66357421875,480.9576416015625,0.01228991150856018,395.22003173828125,251.9366912841797,9.673833847045898e-5,1,026
290,403.080078125,152.7920684814453,0.9999999403953552,396.96588134765625,230.39453125,0.9975836277008057,645.5374755859375,480.8983459472656,0.014807730913162231,403.1676940917969,237.68124389648438,0.00015157461166381836,1,026
291,397.08990478515625,149.15780639648438,1.0,644.1698608398438,480.0394592285156,0.001534491777420044,646.3515014648438,464.607177734375,0.012150168418884277,408.81072998046875,239.35675048828125,7.62939453125e-5,1,026
292,389.9337158203125,140.2494354248047,1.0,407.4444580078125,244.04026794433594,0.9997158646583557,645.5802612304688,481.2206115722656,0.011426776647567749,413.08624267578125,246.15599060058594,0.00034609436988830566,1,026
293,386.3559265136719,137.26707458496094,1.0,644.1259765625,479.7947082519531,0.0018516778945922852,645.6903076171875,480.70831298828125,0.013186484575271606,410.4320373535156,213.0400390625,9.635090827941895e-5,1,026
294,388.044677734375,137.15194702148438,1.0,408.0879211425781,215.1041717529297,0.07444393634796143,645.5404052734375,481.1134338378906,0.010773003101348877,405.37353515625,220.43324279785156,0.002074211835861206,1,026
295,390.99285888671875,135.19461059570312,1.0,393.4659423828125,143.95974731445312,0.001834183931350708,645.77197265625,480.64422607421875,0.014041244983673096,393.30596923828125,143.35508728027344,0.0004329383373260498,1,026
296,391.1935119628906,136.3765869140625,0.9999999403953552,644.099365234375,480.0010070800781,0.0017741620540618896,645.4976196289062,481.0661926269531,0.011518388986587524,392.96844482421875,145.26087951660156,0.00037595629692077637,1,026
297,389.0499267578125,136.9342041015625,0.9999938607215881,385.892822265625,141.6328582763672,0.08222696185112,645.6767578125,480.9851989746094,0.010742932558059692,386.59124755859375,145.45681762695312,0.0003197789192199707,1,026
298,390.1997375488281,137.4929962158203,0.9999999403953552,386.283447265625,142.92791748046875,0.036780476570129395,645.51318359375,481.044677734375,0.01169237494468689,391.7391052246094,144.98056030273438,0.0004482269287109375,1,026
299,389.121337890625,137.88140869140625,0.9999954700469971,386.01953125,142.24237060546875,0.7014087438583374,645.6495971679688,481.1138000488281,0.0107041597366333,391.66021728515625,144.44244384765625,0.0004310011863708496,1,026
300,390.5688171386719,137.95848083496094,0.9999998807907104,387.4664001464844,141.40106201171875,0.03751939535140991,645.4632568359375,481.0652770996094,0.011652559041976929,392.7984313964844,144.17372131347656,0.0005429983139038086,1,026
301,388.3465881347656,139.9277801513672,0.9999998807907104,386.2359924316406,143.51712036132812,0.1787654161453247,645.65478515625,480.71441650390625,0.013730108737945557,390.6550598144531,145.9063262939453,0.00042188167572021484,1,026
302,387.9375915527344,139.80325317382812,1.0,386.3184814453125,142.40528869628906,0.00603562593460083,645.5972290039062,481.037353515625,0.0121593177318573,390.73455810546875,144.81280517578125,0.00020444393157958984,1,026
303,385.6018981933594,143.5194854736328,0.9999990463256836,386.88427734375,146.16830444335938,0.004236370325088501,645.6459350585938,480.89013671875,0.014145225286483765,387.8199157714844,148.14024353027344,0.0002849698066711426,1,026
304,362.3900451660156,171.2827911376953,0.9999999403953552,644.1152954101562,479.98150634765625,0.0016339123249053955,645.5291137695312,481.3045654296875,0.01059618592262268,362.02593994140625,176.34390258789062,0.00014898180961608887,1,026
305,354.58831787109375,173.97198486328125,1.0,398.2740173339844,139.59169006347656,0.9999860525131226,645.7529296875,480.58489990234375,0.013348489999771118,346.5910339355469,180.2594451904297,0.00015041232109069824,1,026
306,343.89990234375,181.88145446777344,1.0,390.9578857421875,138.4281463623047,1.0,645.4278564453125,480.8595275878906,0.01266053318977356,393.1141052246094,141.0254669189453,0.0001545250415802002,1,026
307,333.8934020996094,198.12889099121094,1.0,381.5124206542969,146.86473083496094,1.0,645.7002563476562,480.8627014160156,0.011529207229614258,382.29290771484375,146.9008026123047,2.7388334274291992e-5,1,026
308,332.1634826660156,204.98997497558594,1.0,369.9127502441406,149.3703155517578,1.0,645.54296875,480.921875,0.012257516384124756,334.864990234375,208.6179656982422,3.695487976074219e-5,1,026
309,325.6948547363281,214.7058868408203,1.0,365.41143798828125,149.20452880859375,1.0,646.4058227539062,464.54193115234375,0.011483311653137207,366.3196716308594,150.11912536621094,2.682209014892578e-5,1,026
310,323.4391784667969,220.74790954589844,1.0,355.180908203125,157.4711151123047,1.0,645.4727783203125,481.2103576660156,0.010373622179031372,357.43133544921875,159.5662384033203,0.00021147727966308594,1,026
311,324.4029846191406,220.46841430664062,1.0,352.8774108886719,157.93020629882812,1.0,645.6522827148438,481.13067626953125,0.009362190961837769,352.5267333984375,158.72010803222656,0.00026935338973999023,1,026
312,325.8825988769531,220.3954315185547,1.0,350.5898132324219,156.5361785888672,1.0,645.5479736328125,480.8554992675781,0.013618320226669312,350.7125244140625,157.53753662109375,0.0002574026584625244,1,026
313,325.787109375,220.68142700195312,1.0,348.77777099609375,155.96559143066406,1.0,646.3165283203125,464.7132873535156,0.011231571435928345,349.09912109375,157.1051788330078,0.0003460049629211426,1,026
314,325.089599609375,220.7261505126953,1.0,346.4548034667969,155.37252807617188,1.0,645.5407104492188,480.9792175292969,0.011972099542617798,346.54766845703125,156.7097930908203,0.00015497207641601562,1,026
315,325.31402587890625,221.46339416503906,1.0,341.4033203125,153.2359161376953,1.0,645.7312622070312,480.7832946777344,0.012562274932861328,326.2572021484375,210.58120727539062,0.00010204315185546875,1,026
316,325.7587890625,221.33761596679688,1.0,341.1312255859375,152.8338623046875,1.0,645.5642700195312,481.23193359375,0.010293841361999512,325.6153259277344,209.8135223388672,7.11977481842041e-5,1,026
